model,training_row,sample_dir,sample_name,arw_path,arw_md5,peak_width_sec,detection_threshold,minimum_height,hmws_area_pct_norm,monomer_area_pct_norm,lmws_area_pct_norm,pred_peak_width_sec,pred_detection_threshold,pred_minimum_height,cv_fold,abs_error_peak_width_sec,abs_error_detection_threshold,abs_error_minimum_height
extra_trees,1,data\A1,A1,data\A1\Method3252.arw,c7f4b8d0ca12473fbc74f9ab62c2965f,40.0,10.0,30.0,0.3228255079894568,99.66121305124278,0.015961440767756,28.202777777777772,10.063333333333334,28.94527777777778,3,11.797222222222228,0.06333333333333435,1.054722222222221
extra_trees,2,data\A10,A10,data\A10\data7482.arw,d0787d3c2d9a7a2057527678183a4bfe,50.0,18.0,20.0,,,,58.85833333333337,18.60263888888889,19.189166666666658,5,8.85833333333337,0.6026388888888903,0.810833333333342
extra_trees,3,data\A11,A11,data\A11\data7622.arw,05428fc7c249d2ad039d2a54696b6ed9,50.0,18.0,20.0,,,,64.22916666666669,20.33333333333334,18.919999999999998,3,14.229166666666686,2.3333333333333393,1.0800000000000018
extra_trees,4,data\A12,A12,data\A12\data7602.arw,39964f50efe61d14f679dd42c14c4bee,50.0,18.0,20.0,,,,53.5888888888889,18.17347222222222,19.497222222222227,1,3.588888888888903,0.17347222222221959,0.5027777777777729
extra_trees,5,data\A13,A13,data\A13\data6460.arw,cd44b15b85bad10eddd6258bcff0eef4,100.0,10.0,10.0,,,,89.56666666666656,14.762499999999989,11.843611111111112,4,10.433333333333437,4.762499999999989,1.8436111111111124
extra_trees,6,data\A15,A15,data\A15\data6464.arw,e76a7500eecfab8898241f17e4183c5a,100.0,10.0,10.0,,,,89.86666666666666,14.353333333333337,11.983611111111117,5,10.13333333333334,4.353333333333337,1.9836111111111165
extra_trees,7,data\A16,A16,data\A16\data5511.arw,d8e2680022379b1fe5a8f9dbff7f1937,70.0,30.0,20.0,,,,72.21666666666665,28.585555555555555,16.86916666666667,5,2.2166666666666544,1.4144444444444453,3.1308333333333316
extra_trees,8,data\A17,A17,data\A17\data5515.arw,07d3992e13f5ef7d747e0e6d614763dc,70.0,30.0,20.0,,,,75.55555555555553,27.283888888888896,17.075555555555553,1,5.555555555555529,2.716111111111104,2.924444444444447
extra_trees,9,data\A18,A18,data\A18\data5519.arw,a7105e490fae7ef020cbea7343b55092,70.0,30.0,20.0,,,,72.30555555555553,27.69194444444444,15.72138888888889,2,2.3055555555555287,2.3080555555555584,4.278611111111109
extra_trees,10,data\A19,A19,data\A19\data2402.arw,ae4054190b545528ff66e24953c16f52,80.0,20.0,20.0,,,,81.18888888888885,19.72694444444444,19.6936111111111,5,1.1888888888888545,0.27305555555555827,0.30638888888890037
extra_trees,11,data\A2,A2,data\A2\Method3222.arw,f5516fe163485d0e2572d97e53df5ed9,40.0,10.0,30.0,0.3258562153376457,99.6314932311558,0.0426505535065554,35.708333333333336,9.870416666666667,27.344166666666666,3,4.291666666666664,0.12958333333333272,2.6558333333333337
extra_trees,12,data\A20,A20,data\A20\data2440.arw,0e077787bf9beaa7ae4d21237b369f22,80.0,20.0,20.0,,,,80.9916666666666,19.931666666666654,19.13749999999999,4,0.9916666666666032,0.06833333333334579,0.8625000000000114
extra_trees,13,data\A21,A21,data\A21\data2462.arw,cedaa284675b80e74e8d7535563a410b,80.0,20.0,20.0,,,,82.42222222222215,20.105277777777772,18.337222222222227,3,2.422222222222146,0.10527777777777203,1.662777777777773
extra_trees,14,data\A4,A4,data\A4\Method2160.arw,d9cccb2c090bcba4e218364a847260f8,30.0,15.0,10.0,0.219265126221256,0.0837898003215417,99.6969450734572,32.72777777777779,13.05180555555555,16.450000000000003,4,2.7277777777777885,1.9481944444444501,6.450000000000003
extra_trees,15,data\A6,A6,data\A6\Method2226.arw,26c546e2c4c7bd10654da065c4fc0c8c,30.0,15.0,10.0,0.218206394956705,0.0792273614353971,99.7025662436079,32.6888888888889,13.17819444444444,16.158333333333335,4,2.688888888888897,1.8218055555555601,6.158333333333335
extra_trees,16,data\A7,A7,data\A7\data8022.arw,ca01f036902a1aa58261b9e0e8958e88,80.0,15.0,10.0,,,,84.72777777777775,14.25361111111111,10.503888888888897,1,4.727777777777746,0.7463888888888892,0.5038888888888966
extra_trees,17,data\A8,A8,data\A8\data8042.arw,6b86bb8e26f0cfb4d50b752478beb5fc,80.0,15.0,10.0,,,,81.99166666666659,15.152777777777771,10.834166666666674,4,1.991666666666589,0.15277777777777146,0.8341666666666736
extra_trees,18,data\A9,A9,data\A9\data8062.arw,3e7efdc2f824315dd1ac2d2576187013,80.0,15.0,10.0,,,,87.5083333333333,13.679999999999987,10.301388888888887,2,7.508333333333297,1.3200000000000127,0.30138888888888715
extra_trees,19,data\B1,B1,data\B1\data12696.arw,6a5c53cc7e8a01383346b0d46641d97b,50.0,15.0,20.0,2.52777878123971,7.133657653632013,89.16868734192283,44.083333333333336,8.781527777777777,19.736944444444447,5,5.916666666666664,6.218472222222223,0.26305555555555316
extra_trees,20,data\B10,B10,data\B10\data1533.arw,2df05dfb2bf0c46069fc2c234da40c22,80.0,10.0,10.0,,,,75.79166666666666,12.655,10.669999999999998,4,4.208333333333343,2.6549999999999994,0.6699999999999982
extra_trees,21,data\B11,B11,data\B11\data1537.arw,1552cb1626137afb9a83b9da6511e8fd,80.0,10.0,10.0,,,,78.52777777777774,13.399722222222222,11.996111111111109,5,1.472222222222257,3.3997222222222216,1.9961111111111087
extra_trees,22,data\B12,B12,data\B12\data1541.arw,6878a0f335fd0ef48ab5d8c7106d114e,80.0,10.0,10.0,,,,85.18888888888888,14.815833333333334,14.373055555555563,3,5.188888888888883,4.815833333333334,4.373055555555563
extra_trees,23,data\B13,B13,data\B13\data1222.arw,eebd04850bbee96160e0df957162b768,70.0,10.0,10.0,,,,77.16388888888885,13.241666666666665,12.394166666666669,3,7.163888888888849,3.2416666666666654,2.3941666666666688
extra_trees,24,data\B14,B14,data\B14\data1242.arw,53c07954455e19e3c74ea1620f4dfb04,70.0,10.0,10.0,,,,73.71666666666667,14.71055555555556,11.971388888888892,3,3.7166666666666686,4.71055555555556,1.9713888888888924
extra_trees,25,data\B15,B15,data\B15\data1262.arw,1cf2ff3399bccabdc44a756f72e87b24,70.0,10.0,10.0,,,,74.3638888888889,13.614444444444445,12.851944444444444,4,4.363888888888894,3.6144444444444446,2.8519444444444435
extra_trees,26,data\B2,B2,data\B2\Method2762.arw,e8a33a6d0ef483bdd4a5ce8269c57e29,40.0,10.0,30.0,2.7667276620923373,10.289885397477764,86.89971224140515,40.46111111111111,11.159722222222221,23.597222222222225,2,0.4611111111111086,1.1597222222222214,6.402777777777775
extra_trees,27,data\B3,B3,data\B3\testdata1078.arw,49b895448d7d774ddbfa75ea9d7ca593,80.0,20.0,32.0,,,,80.43333333333334,20.116944444444446,31.301944444444448,4,0.4333333333333371,0.11694444444444585,0.6980555555555519
extra_trees,28,data\B4,B4,data\B4\Method2802.arw,36de87f0cc14b5c5c2eaee9439a4f944,40.0,10.0,30.0,3.7824449871314254,14.166380570497996,82.05117444237058,41.13055555555556,10.384861111111112,28.129444444444452,4,1.13055555555556,0.3848611111111122,1.8705555555555478
extra_trees,29,data\B5,B5,data\B5\Method2806.arw,f785234c750dbd96496ce627b5fec034,40.0,10.0,30.0,3.633941774786445,14.143883061444054,82.22217516376949,39.70833333333333,10.275000000000002,29.041666666666654,3,0.2916666666666714,0.27500000000000213,0.9583333333333464
extra_trees,30,data\B6,B6,data\B6\Method2202.arw,46caf46e7a61846823a971d1d852b54f,30.0,15.0,10.0,0.0131528742292219,3.095657173329525,14.083233064290374,35.33611111111111,13.415555555555553,15.58361111111111,2,5.336111111111109,1.584444444444447,5.583611111111111
extra_trees,31,data\B7,B7,data\B7\testdata1082.arw,b2c571b076ddcaa1eeff232870ed6e54,80.0,20.0,32.0,,,,80.47777777777776,21.137500000000006,29.559166666666666,3,0.4777777777777601,1.1375000000000064,2.440833333333334
extra_trees,32,data\BC1,BC1,data\BC1\data12782.arw,bb6b6842998d6dc5ef8dfe8d9173de98,50.0,15.0,20.0,5.298789011193628,3.336900869519345,90.8834154759742,62.725,14.203194444444444,15.958611111111116,2,12.725000000000001,0.7968055555555562,4.041388888888884
extra_trees,33,data\BC10,BC10,data\BC10\data1079.arw,2eb5a6c4c922ddbd4f04cc3769dc8bce,70.0,10.0,10.0,,,,73.00833333333334,18.400277777777774,13.017499999999998,3,3.00833333333334,8.400277777777774,3.0174999999999983
extra_trees,34,data\BC11,BC11,data\BC11\data1083.arw,28c37ae16a2d70f78db3e725a068c660,70.0,10.0,10.0,,,,70.99999999999999,12.124722222222221,11.03027777777778,2,0.9999999999999858,2.1247222222222213,1.0302777777777798
extra_trees,35,data\BC2,BC2,data\BC2\Method1066.arw,8744fcb5bd719e42e44c0d588c97810f,80.0,20.0,11.0,3.3642567821534555,13.641194826379724,82.46781244839667,41.61666666666667,11.66708333333333,24.910277777777775,3,38.38333333333333,8.33291666666667,13.910277777777775
extra_trees,36,data\BC3,BC3,data\BC3\Method4614.arw,d852450fad47f348339c6f44e213c6d3,30.0,10.0,30.0,3.2210313968951705,12.681248059686276,82.21187683157932,32.488888888888916,10.179444444444448,27.699444444444453,2,2.4888888888889156,0.17944444444444763,2.3005555555555475
extra_trees,37,data\BC4,BC4,data\BC4\Method4610.arw,2404c366417c95d45d8f5a8eea4002d3,30.0,10.0,30.0,3.430866392768801,13.433936236021204,81.3184982512882,32.474999999999994,10.155555555555557,27.893888888888892,1,2.4749999999999943,0.15555555555555678,2.106111111111108
extra_trees,38,data\BC5,BC5,data\BC5\Method4606.arw,f33be1402f9dd450a73698fe3989ca8d,30.0,10.0,30.0,3.4146956894598945,13.651626973995604,81.0948275152999,31.33888888888889,10.40513888888889,27.854166666666668,4,1.3388888888888886,0.4051388888888905,2.145833333333332
extra_trees,39,data\BC6,BC6,data\BC6\data4584.arw,3b48fbe79d06f41103727d5774d317da,70.0,30.0,0.0,,,,77.2638888888889,24.972777777777786,9.810833333333333,5,7.2638888888889,5.027222222222214,9.810833333333333
extra_trees,40,data\BC7,BC7,data\BC7\data4592.arw,4e29bdb33bd70ac5989fc163a8431308,70.0,30.0,0.0,,,,72.16388888888886,28.106111111111108,6.256944444444452,2,2.163888888888863,1.8938888888888918,6.256944444444452
extra_trees,41,data\BC8,BC8,data\BC8\data4600.arw,60a35ec7ce2ad6c0e590efb6585ae5b5,70.0,30.0,0.0,,,,73.28055555555557,27.53527777777778,9.632499999999997,4,3.2805555555555657,2.464722222222221,9.632499999999997
extra_trees,42,data\BC9,BC9,data\BC9\data1075.arw,a296c47b3f731bba032b36dd4452ea48,70.0,10.0,10.0,,,,72.52222222222221,12.624722222222221,11.675000000000002,1,2.5222222222222115,2.6247222222222213,1.6750000000000025
extra_trees,43,data\BE1,BE1,data\BE1\Method2722.arw,d7baa434452f73a496d8fcbe08f80c37,40.0,10.0,30.0,0.6222958138830502,2.555018434002333,6.879331895790089,50.86111111111116,12.95722222222224,22.30555555555557,3,10.861111111111157,2.9572222222222404,7.694444444444429
extra_trees,44,extra\46,46,extra\46\Method2742.arw,9486560658ec9b86174953e5783d2d13,40.0,10.0,30.0,0.3416725289880082,99.658327471012,,49.70277777777783,13.741805555555565,19.28805555555557,2,9.702777777777833,3.7418055555555654,10.71194444444443
extra_trees,45,extra\48,48,extra\48\Method2782.arw,407744b48b398ea2fea3f484bbc7bfb2,40.0,10.0,30.0,3.7388886956329017,14.131027808748302,82.13008349561878,41.30833333333333,10.272638888888888,28.706944444444446,4,1.30833333333333,0.27263888888888843,1.2930555555555543
extra_trees,46,extra\51,51,extra\51\Method2810.arw,1c4f512926487524478943a343e57559,40.0,10.0,30.0,3.5356392316179885,13.976890358293426,82.48747041008858,39.722222222222214,10.1925,28.022500000000004,2,0.2777777777777857,0.19250000000000078,1.9774999999999956
extra_trees,47,extra\52,52,extra\52\Method2814.arw,16043c1ca5ee268cc5f37a96969a167d,40.0,10.0,30.0,3.3785883181164293,13.92171406024245,82.69969762164114,39.63055555555555,10.313194444444441,27.9975,2,0.36944444444444713,0.31319444444444144,2.0025000000000013
extra_trees,48,extra\53,53,extra\53\Method2818.arw,e83e580fcae63d876312af871f0de951,40.0,10.0,30.0,3.368536331847961,13.904714207262437,82.7267494608896,39.908333333333324,10.333611111111109,28.74999999999999,3,0.09166666666667567,0.3336111111111091,1.2500000000000107
extra_trees,49,extra\59,59,extra\59\Method2568.arw,910296572a93f2497bfbbd9f41fe197a,40.0,0.0,30.0,4.144714493292622,13.86520080385851,81.9305029525562,37.602777777777774,10.32125,28.51722222222222,3,2.3972222222222257,10.32125,1.4827777777777804
extra_trees,50,extra\60,60,extra\60\Method2572.arw,e2ce2ee35e9c56b31ba0085d42607051,40.0,10.0,30.0,3.8333448006050457,13.539828971955004,82.55631762028156,40.075,9.570833333333338,28.405833333333334,2,0.07500000000000284,0.4291666666666618,1.5941666666666663
extra_trees,51,extra\62,62,extra\62\Method2576.arw,c53235bdf49f33d27f799f044973ef15,40.0,10.0,30.0,3.605654148202321,13.20775148321434,83.13457164726924,39.619444444444454,7.712499999999997,29.11916666666667,1,0.38055555555554577,2.287500000000003,0.8808333333333316
extra_trees,52,extra\64,64,extra\64\Method2584.arw,0cbc73b1279e4fa97debfb17a89b06c1,40.0,10.0,30.0,3.715486736388255,13.605034485743648,82.60161753403135,41.34722222222222,9.391250000000005,27.197777777777773,5,1.3472222222222214,0.6087499999999952,2.802222222222227
extra_trees,53,extra\65,65,extra\65\Method2588.arw,88e1a188e19d835ba1c3abbd56ad7e8f,40.0,10.0,30.0,3.1809000770995643,13.084120071756365,83.68917890543892,38.56111111111111,8.345833333333339,28.878333333333334,1,1.43888888888889,1.6541666666666615,1.1216666666666661
extra_trees,54,extra\68,68,extra\68\Method2222.arw,184f8a2221f5e70e26123176e8303b97,30.0,15.0,10.0,0.0095394590726384,2.695531188395075,13.012394496836444,34.36944444444443,14.046944444444444,14.790555555555551,1,4.369444444444433,0.9530555555555562,4.790555555555551
extra_trees,55,extra\71,71,extra\71\Method1631.arw,ab8050b37c6041960f06bdb8d95f5738,30.0,15.0,10.0,2.126160189163513,10.461840542207618,87.40611948784873,30.383333333333326,14.35777777777778,12.061944444444444,1,0.38333333333332575,0.6422222222222196,2.0619444444444444
extra_trees,56,extra\72,72,extra\72\Method1639.arw,1e9f4078243402fab802324548bca3cd,30.0,15.0,10.0,2.190165845037687,10.336701801817233,87.47313235314509,31.202777777777772,14.475555555555554,11.791111111111112,3,1.2027777777777722,0.5244444444444465,1.7911111111111122
extra_trees,57,extra\73,73,extra\73\Method1643.arw,1c2b716d5953d99e41d6b7704f83a45f,30.0,15.0,10.0,2.1282015418798648,9.985813395118772,87.88598506300137,31.888888888888886,14.571805555555553,11.860277777777776,3,1.8888888888888857,0.428194444444447,1.8602777777777764
extra_trees,58,extra\75,75,extra\75\Method1647.arw,d2df0d28c046efe0d2b08b1fc14904c5,30.0,15.0,10.0,2.077818014485304,9.75392597033481,88.16825601517989,31.861111111111107,14.394305555555553,12.41666666666667,3,1.8611111111111072,0.6056944444444472,2.4166666666666696
extra_trees,59,extra\76,76,extra\76\Method1655.arw,22ddd85f252e86fbc95742629707a2b6,30.0,15.0,10.0,2.079193297990623,9.59186606462077,88.32894063738861,30.15555555555556,14.924722222222224,10.220277777777778,4,0.15555555555555856,0.07527777777777622,0.22027777777777757
extra_trees,60,extra\77,77,extra\77\Method1659.arw,70503903b0293c9f072fb902e2756197,30.0,15.0,10.0,3.5506472019383506,14.253126127810754,82.19622667025091,31.602777777777785,13.720138888888885,13.100833333333336,4,1.602777777777785,1.2798611111111153,3.1008333333333358
extra_trees,61,extra\78,78,extra\78\Method1663.arw,c0c747a7d802365f52a06b28f043f816,30.0,15.0,10.0,3.450255504625479,14.198853941638845,82.35089055373568,30.488888888888887,14.48472222222222,11.13611111111111,2,0.48888888888888715,0.5152777777777793,1.1361111111111093
extra_trees,62,extra\79,79,extra\79\Method1667.arw,f2d836a50ef0c644e1fc8a52ddf90598,30.0,15.0,10.0,3.497258425821065,14.208314740084449,82.29442683409448,30.58888888888888,14.630555555555556,11.130555555555553,5,0.5888888888888815,0.3694444444444436,1.1305555555555529
extra_trees,63,extra\81,81,extra\81\Method1248.arw,3ca49eadfdaace0a39af87fec6e7dc66,30.0,15.0,10.0,0.183050071188265,0.072242252818017,99.74470767599372,30.65,14.465138888888887,11.913333333333334,3,0.6499999999999986,0.5348611111111126,1.913333333333334
extra_trees,64,extra\82,82,extra\82\Method1252.arw,7a3cdee1e86d21b9a95861aa95d8e5db,30.0,15.0,10.0,4.3991040039144425,14.598167383756492,81.00272861232907,30.486111111111114,14.90361111111111,10.51138888888889,4,0.48611111111111427,0.09638888888889063,0.5113888888888898
extra_trees,65,extra\83,83,extra\83\Method1256.arw,649761114c5e57d40f34b0108df0361f,30.0,15.0,10.0,4.066415443300342,13.916742085892022,81.98647449675687,30.038888888888888,14.95416666666667,10.183333333333337,1,0.03888888888888786,0.04583333333333073,0.18333333333333712
extra_trees,66,extra\84,84,extra\84\Method1260.arw,23c03ccf37cc26cd83d14c6031f62f74,30.0,15.0,10.0,4.011793497583115,14.021523932255992,81.7795647818654,34.44722222222222,12.84944444444445,16.663611111111106,2,4.447222222222223,2.1505555555555507,6.663611111111106
extra_trees,67,extra\85,85,extra\85\Method1264.arw,39704a0b49d98b80daa9e6870b8b23c8,30.0,15.0,10.0,3.9323037566635217,13.918676500237712,82.0035209032889,32.25833333333333,14.08263888888889,13.308333333333334,2,2.258333333333333,0.9173611111111093,3.3083333333333336
extra_trees,68,extra\86,86,extra\86\Method1268.arw,61d7182c5920d45940fa07847d2066b7,30.0,15.0,10.0,3.775859184867787,13.872716712984476,82.31934529452727,30.391666666666666,14.72888888888889,10.875833333333333,2,0.3916666666666657,0.27111111111111086,0.8758333333333326
extra_trees,69,extra\87,87,extra\87\Method1272.arw,f9c1b80b8e75cd0e99121627c7015276,30.0,15.0,10.0,0.1783276617207878,0.0692610270459898,99.75241131123325,30.177777777777784,14.77138888888889,10.928611111111111,2,0.17777777777778425,0.22861111111111043,0.9286111111111115
extra_trees,70,extra\88,88,extra\88\Method1112.arw,519334b0a2d94335f30e0384815b17d8,40.0,10.0,30.0,0.650147157902635,0.0871648805029219,99.15302420149642,49.5416666666667,12.525833333333345,24.470277777777795,4,9.5416666666667,2.5258333333333454,5.529722222222205
extra_trees,71,extra\89,89,extra\89\Method1116.arw,1bec3f2d1ce96e2bc1849995f2d60709,40.0,10.0,30.0,2.111081814707485,10.10725332623539,87.66530870878772,47.10833333333334,11.846111111111115,25.282777777777785,4,7.108333333333341,1.8461111111111155,4.717222222222215
extra_trees,72,extra\90,90,extra\90\Method1120.arw,d310c4e14ed6c2fe14593e0edd30fb62,40.0,10.0,30.0,0.3249153437857594,5.938123905966698,93.4201689040937,37.363888888888866,9.911527777777778,26.071944444444448,2,2.636111111111134,0.08847222222222229,3.9280555555555523
extra_trees,73,extra\91,91,extra\91\Method1124.arw,f11007cdc55df154a273ba52cc15bc6a,40.0,10.0,30.0,0.70435332249267,99.19718318931191,0.0984634881953983,55.18055555555557,13.895277777777785,22.096944444444457,1,15.180555555555571,3.8952777777777854,7.903055555555543
extra_trees,74,extra\92,92,extra\92\Method1042.arw,4701d9073dc4f3891336332326020165,80.0,20.0,11.0,0.7232332130785715,99.18989101204888,0.086875774872555,59.630555555555574,14.899444444444446,19.60611111111111,1,20.369444444444426,5.1005555555555535,8.606111111111112
extra_trees,75,extra\99,99,extra\99\Method1070.arw,f6de665d5b511bda2ab8ff956d921537,80.0,20.0,11.0,0.7211338222371899,99.18808502870505,0.0907811490577762,47.25833333333336,13.10805555555557,22.02555555555557,4,32.74166666666664,6.89194444444443,11.02555555555557
extra_trees,76,extra\D1,D1,extra\D1\exp1562.arw,376e46868cc1c3dc7d7852259e13a1c7,50.0,0.5,0.0,0.4108130355788185,3.927051766389982,95.4848363521242,49.40277777777777,1.1158333333333332,1.1444444444444444,3,0.5972222222222285,0.6158333333333332,1.1444444444444444
extra_trees,77,extra\D2,D2,extra\D2\exp1542.arw,6a29bee1131b08a476e68bdec7f9c42b,50.0,0.5,0.0,0.1348536928679711,3.984601829698601,95.69728190575948,49.522222222222226,1.142638888888889,0.9502777777777777,1,0.4777777777777743,0.642638888888889,0.9502777777777777
extra_trees,78,extra\D3,D3,extra\D3\exp1522.arw,a1b58e9639ddd520fd4f2c14dcb87374,50.0,0.5,0.0,0.0899953774088122,3.946360614592429,95.76601609016384,50.00555555555556,0.735,0.22944444444444448,2,0.005555555555559977,0.235,0.22944444444444448
extra_trees,79,extra\D4,D4,extra\D4\exp1502.arw,81ab34d4bed4c8dcf6395e83bf47fac4,50.0,0.5,0.0,0.3341220416536078,3.800583860561933,95.66637945390757,49.98888888888889,0.6383333333333333,0.19805555555555557,1,0.011111111111112848,0.1383333333333333,0.19805555555555557
extra_trees,80,extra\D5,D5,extra\D5\exp1482.arw,bdc8952e31b7ab0a84ac6f56d60bd153,50.0,0.5,0.0,0.2650199415628388,3.6088470445782286,95.9156679219335,50.125,0.8741666666666666,0.5233333333333333,5,0.125,0.37416666666666665,0.5233333333333333
extra_trees,81,extra\HT LL 3,HT LL 3,extra\HT LL 3\testdata1086.arw,c60151f63d4e58db7fcf5045fe6caa53,80.0,20.0,32.0,,,,79.92500000000001,20.093055555555555,31.435,5,0.07499999999998863,0.093055555555555,0.5650000000000013
extra_trees,82,extra\HT LL 4,HT LL 4,extra\HT LL 4\testdata1090.arw,4dda59d6af8eb5d8fa39b710bdc4751a,80.0,20.0,32.0,,,,80.21388888888887,20.466944444444447,30.58277777777778,3,0.21388888888887436,0.46694444444444727,1.4172222222222217
extra_trees,83,extra\HT LL 5,HT LL 5,extra\HT LL 5\testdata1094.arw,3ef97dea26c800ecd8137f3530bb4900,80.0,20.0,32.0,,,,80.86388888888888,22.654166666666672,27.64833333333334,1,0.86388888888888,2.654166666666672,4.3516666666666595
extra_trees,84,extra\N1,N1,extra\N1\Method1878.arw,814f67924660894f558f270e7cf1cf9b,100.0,10.0,10.0,,,,101.29166666666666,11.49375,10.729166666666664,3,1.2916666666666572,1.4937500000000004,0.7291666666666643
extra_trees,85,extra\N2,N2,extra\N2\Method1874.arw,2935db0675636bead8ad3e3ead73d471,100.0,10.0,10.0,,,,101.65555555555557,12.279444444444447,10.453333333333337,1,1.6555555555555657,2.2794444444444473,0.4533333333333367
extra_trees,86,extra\N3,N3,extra\N3\Method1870.arw,6f1c83b99389945e1df37e788b6159d9,100.0,10.0,10.0,,,,102.6305555555556,11.47583333333333,9.967777777777782,5,2.6305555555556026,1.4758333333333304,0.03222222222221838
extra_trees,87,extra\N4,N4,extra\N4\Method1866.arw,bb2efb476d0ca23f7d227e7b18221c3d,100.0,10.0,10.0,,,,100.73611111111109,12.838055555555558,11.391388888888887,3,0.7361111111110858,2.8380555555555578,1.391388888888887
extra_trees,88,extra\N5,N5,extra\N5\Method1862.arw,99e75daa0a66654f7c9a2fd12a7e7294,100.0,10.0,10.0,,,,103.8611111111111,11.700555555555553,10.412500000000005,1,3.8611111111111,1.7005555555555532,0.412500000000005
extra_trees,89,test2\1,1,test2\1\test1842.arw,810a9eef94b4d2472a36091e802465a5,50.0,0.5,0.0,,,,49.9861111111111,2.6087500000000006,3.3461111111111106,4,0.013888888888899942,2.1087500000000006,3.3461111111111106
extra_trees,90,test2\2,2,test2\2\test1866.arw,8574b1e0a2a11d1fac66b86bd10c68f2,50.0,0.5,0.0,,,,46.941666666666656,2.820000000000001,5.208333333333333,4,3.0583333333333442,2.320000000000001,5.208333333333333
extra_trees,91,test2\3,3,test2\3\test1874.arw,4f686e1456b3ba5efd48e221648fd158,50.0,0.5,0.0,,,,48.352777777777774,1.4041666666666668,1.750555555555555,5,1.6472222222222257,0.9041666666666668,1.750555555555555
extra_trees,92,test2\4,4,test2\4\Method4911.arw,68ee240ddd81b10391c6f08ef89eb30b,40.0,0.0,0.0,,,,40.03055555555555,3.516944444444445,9.270277777777777,2,0.03055555555555145,3.516944444444445,9.270277777777777
extra_trees,93,test2\5,5,test2\5\Method4922.arw,9e63219b3284cfb629e47772c3e88100,40.0,0.0,0.0,,,,42.67777777777778,1.9466666666666663,3.412777777777778,5,2.677777777777777,1.9466666666666663,3.412777777777778
extra_trees,94,test2\6,6,test2\6\Method4942.arw,8dff2e0615073540f46b7c0442dc6c30,40.0,0.0,0.0,,,,41.19722222222222,1.8976388888888875,4.926111111111112,4,1.1972222222222229,1.8976388888888875,4.926111111111112
extra_trees,95,test2\7,7,test2\7\Method4602.arw,d2d0ce49f5470d2da799cff0dfe71f6b,30.0,10.0,30.0,,,,37.7527777777778,11.744583333333335,25.41722222222222,4,7.752777777777801,1.7445833333333347,4.582777777777778
extra_trees,96,test2\10,10,test2\10\test5606.arw,257b2fe9c3b1da16135d9fed8b9eef72,100.0,1.0,0.0,,,,98.70555555555558,8.062222222222221,6.600833333333332,5,1.294444444444423,7.062222222222221,6.600833333333332
extra_trees,97,test2\11,11,test2\11\test5610.arw,7ee3e7505321515e9fa88a4eabe90c66,100.0,1.0,0.0,,,,98.19444444444444,15.686388888888883,11.103888888888891,2,1.8055555555555571,14.686388888888883,11.103888888888891
extra_trees,98,test2\12,12,test2\12\test5614.arw,bea2d552cb8bf8b5a84ac4e9bfc1f947,100.0,1.0,0.0,,,,99.95000000000006,7.858333333333331,5.3852777777777785,3,0.049999999999940314,6.858333333333331,5.3852777777777785
extra_trees,99,test2\13,13,test2\13\Method4491.arw,afe84dcb5e8388b2866f05a713da34c5,40.0,10.0,30.0,,,,36.19166666666667,9.89625,26.686111111111114,4,3.80833333333333,0.10374999999999979,3.3138888888888864
extra_trees,100,test2\14,14,test2\14\Method4495.arw,730eacf5447334aa5134c91b8d0c6116,40.0,10.0,30.0,,,,41.97500000000001,9.756944444444445,25.823611111111106,2,1.9750000000000085,0.24305555555555536,4.176388888888894
extra_trees,101,test2\15,15,test2\15\Method4499.arw,20825090e838440c61a765eaffd8bef9,40.0,10.0,30.0,,,,39.44999999999999,9.725694444444446,27.820833333333333,1,0.5500000000000114,0.2743055555555536,2.179166666666667
extra_trees,102,test2\16,16,test2\16\Method3707.arw,673c5171dfaca487ffa89e5c66f668ff,20.0,10.0,30.0,,,,28.824999999999974,10.641805555555557,27.939999999999994,4,8.824999999999974,0.6418055555555569,2.060000000000006
extra_trees,103,test2\17,17,test2\17\Method3712.arw,cf4db732d5451546027a542528fe2834,20.0,10.0,30.0,,,,22.891666666666683,9.911527777777778,29.883333333333333,2,2.8916666666666835,0.08847222222222229,0.11666666666666714
extra_trees,104,test2\18,18,test2\18\Method3722.arw,d04776eb596d0bb458b561d7babb43b4,20.0,10.0,30.0,,,,34.87777777777778,10.160555555555556,28.654722222222215,1,14.87777777777778,0.16055555555555578,1.3452777777777847
extra_trees,105,test2\19,19,test2\19\Method3202.arw,e60140d62c658839b28ea0e609a11f9f,40.0,10.0,30.0,,,,39.14166666666668,9.84722222222222,29.221388888888885,1,0.8583333333333201,0.15277777777778034,0.7786111111111147
extra_trees,106,test2\20,20,test2\20\Method3247.arw,54bb4762becca98a398a7313803693da,40.0,10.0,30.0,,,,38.92499999999998,9.907361111111111,25.045,2,1.075000000000017,0.09263888888888872,4.954999999999998
extra_trees,107,test2\28,28,test2\28\test1922.arw,d70762ae5598a873fa609dfbbb4e314c,120.0,15.0,5.0,,,,112.15555555555562,12.297222222222222,8.836666666666668,4,7.8444444444443775,2.7027777777777775,3.836666666666668
extra_trees,108,test2\29,29,test2\29\test1950.arw,118f3453b934bbd466ca715998e6a693,120.0,15.0,5.0,,,,109.29444444444448,13.143888888888887,10.480555555555549,3,10.70555555555552,1.8561111111111135,5.480555555555549
extra_trees,109,test2\30,30,test2\30\test1938.arw,607360d8a94f0edf97d508bc500985d3,120.0,15.0,5.0,,,,103.91944444444442,16.640833333333333,16.52555555555556,5,16.080555555555577,1.6408333333333331,11.52555555555556
extra_trees,110,test2\31,31,test2\31\test1113.arw,a5d521da92c67f30302570a03be251aa,120.0,0.0,10.0,,,,108.38055555555557,18.25444444444445,17.28805555555556,3,11.619444444444426,18.25444444444445,7.288055555555559
extra_trees,111,test2\32,32,test2\32\test1466.arw,ba02288d102d81c90395289bbc1d484a,120.0,0.0,10.0,,,,102.02777777777781,16.72402777777779,11.25444444444445,5,17.972222222222186,16.72402777777779,1.2544444444444505
extra_trees,112,test2\33,33,test2\33\test1470.arw,749893bc0c6d736e5158bbf6ecd1d610,120.0,0.0,10.0,,,,101.22500000000002,16.157777777777792,10.916111111111118,5,18.774999999999977,16.157777777777792,0.9161111111111175
extra_trees,113,test2\34,34,test2\34\test1199.arw,ef9b9b6c8733df0f92ee591140258f7e,100.0,50.0,50.0,,,,98.12499999999994,49.56250000000007,43.59305555555562,2,1.8750000000000568,0.43749999999992895,6.4069444444443775
extra_trees,114,test2\35,35,test2\35\test1203.arw,a16b7844d1a0f91f7aca7340c4f82e30,100.0,50.0,50.0,,,,98.91111111111107,57.404166666666704,44.98305555555558,4,1.0888888888889312,7.404166666666704,5.01694444444442
extra_trees,115,test2\36,36,test2\36\test1207.arw,6db4d43ae2f6bd848f87717d52a61638,100.0,50.0,50.0,,,,97.50555555555555,55.20111111111132,44.38555555555556,1,2.4944444444444542,5.201111111111317,5.6144444444444375
extra_trees,116,test2\37,37,test2\37\test1035.arw,6c1672c8807671b6d6f15acaf3d53c29,100.0,10.0,10.0,,,,101.10277777777775,13.254444444444443,13.000833333333336,3,1.1027777777777459,3.2544444444444434,3.000833333333336
extra_trees,117,test2\38,38,test2\38\test1043.arw,14cc1280b0497fbd4e813170673b6a8f,100.0,10.0,10.0,,,,101.22499999999998,11.49333333333333,12.838611111111106,1,1.22499999999998,1.4933333333333305,2.8386111111111063
extra_trees,118,test2\39,39,test2\39\test1051.arw,d692f8af2f20beca82049b74a145eb06,100.0,10.0,10.0,,,,101.76111111111113,12.695555555555556,11.87861111111111,5,1.7611111111111342,2.695555555555556,1.8786111111111108
extra_trees,119,test2\46,46,test2\46\test3402.arw,b81227153fccc8e85e89057ed51b33e4,120.0,20.0,0.0,,,,106.66944444444442,17.200833333333332,15.257222222222227,1,13.330555555555577,2.799166666666668,15.257222222222227
extra_trees,120,test2\47,47,test2\47\test3422.arw,1f6cc1816d62b7466264b309db61e98c,120.0,20.0,0.0,,,,103.21944444444435,17.704166666666676,15.074444444444453,2,16.78055555555565,2.2958333333333236,15.074444444444453
extra_trees,121,test2\48,48,test2\48\test3406.arw,0667e1fc5af18f853d5760150afc512e,120.0,20.0,0.0,,,,104.34166666666663,17.22194444444444,29.303611111111113,2,15.658333333333374,2.778055555555561,29.303611111111113
extra_trees,122,test2\49,49,test2\49\test3130.arw,1c9805c3b06cdb524eaff630f5f3e280,120.0,20.0,10.0,,,,112.60555555555553,13.59444444444443,11.468611111111114,1,7.394444444444474,6.405555555555569,1.4686111111111142
extra_trees,123,test2\50,50,test2\50\test3162.arw,bc9abcbebf4dcc48133acbcc5ca54a4c,120.0,20.0,10.0,,,,113.94999999999995,13.63555555555554,10.741388888888894,1,6.050000000000054,6.364444444444461,0.7413888888888938
extra_trees,124,test2\51,51,test2\51\test3114.arw,15eec5bb1d74478313cc865d0b18e8e2,120.0,20.0,10.0,,,,112.49722222222226,18.15611111111112,13.253888888888904,3,7.502777777777737,1.8438888888888805,3.2538888888889037
extra_trees,125,test2\52,52,test2\52\test2790.arw,d393a3d67c243c94afb658006019b5ad,120.0,10.0,10.0,,,,109.04999999999997,16.802222222222216,17.62861111111111,1,10.950000000000031,6.802222222222216,7.628611111111109
extra_trees,126,test2\53,53,test2\53\test2794.arw,be88be5314f41a759967d48427e3b44a,120.0,10.0,10.0,,,,114.60555555555553,13.154166666666663,12.002500000000005,4,5.394444444444474,3.1541666666666632,2.002500000000005
extra_trees,127,test2\54,54,test2\54\test2798.arw,65e1c38183292830b761e2e18307d624,120.0,10.0,10.0,,,,113.7444444444444,13.970277777777778,13.124722222222228,5,6.255555555555603,3.9702777777777776,3.1247222222222284
extra_trees,128,test2\55,55,test2\55\test1790.arw,c8a97413467b871e88eb8cd15d94bc5e,100.0,25.0,10.0,,,,103.60833333333316,20.385833333333366,11.074722222222231,2,3.6083333333331638,4.614166666666634,1.0747222222222312
extra_trees,129,test2\56,56,test2\56\test1798.arw,71d9db953f18534c87d35d15cb03c743,100.0,25.0,10.0,,,,99.6,22.50416666666666,13.874166666666678,3,0.4000000000000057,2.4958333333333407,3.874166666666678
extra_trees,130,test2\57,57,test2\57\test1802.arw,23be794bd7c39450d277b6aeca1f0ca0,100.0,25.0,10.0,,,,97.85,24.009444444444448,14.76111111111112,3,2.1500000000000057,0.9905555555555523,4.76111111111112
extra_trees,131,test2\58,58,test2\58\test1591.arw,3c941fd393333270a9d990af530a3e21,100.0,20.0,20.0,,,,106.03888888888888,17.863888888888887,16.396666666666665,4,6.038888888888877,2.136111111111113,3.6033333333333353
extra_trees,132,test2\59,59,test2\59\test1595.arw,18b1b2b54c2a7c952382c982b3c31428,100.0,20.0,20.0,,,,103.80277777777775,17.885000000000005,18.579722222222227,5,3.8027777777777487,2.114999999999995,1.4202777777777733
extra_trees,133,test2\60,60,test2\60\test1602.arw,73150becc22983ead94129e59e25bd87,100.0,20.0,20.0,,,,108.13611111111108,13.961666666666666,16.986666666666665,1,8.136111111111077,6.038333333333334,3.0133333333333354
extra_trees,134,test2\61,61,test2\61\test1435.arw,3f4cdc3182db9ea7463f13606862c31b,100.0,20.0,20.0,,,,102.42777777777772,18.724444444444448,20.662499999999998,5,2.4277777777777203,1.2755555555555524,0.6624999999999979
extra_trees,135,test2\62,62,test2\62\test1439.arw,6db2e76b347f440a158fec061bc21dd9,100.0,20.0,20.0,,,,102.7972222222222,18.696388888888883,21.456944444444442,2,2.797222222222203,1.3036111111111168,1.4569444444444422
extra_trees,136,test2\63,63,test2\63\test1443.arw,87ec1c730853c57c6e49f06fcdb49f3d,100.0,20.0,20.0,,,,101.39444444444443,18.728888888888893,18.96805555555555,2,1.3944444444444315,1.2711111111111073,1.0319444444444485
extra_trees,137,test2\64,64,test2\64\test1035.arw,61aca72fd6ebde293de138f0771c7976,100.0,20.0,50.0,,,,103.91388888888885,18.528611111111115,23.419722222222212,3,3.913888888888849,1.4713888888888853,26.580277777777788
extra_trees,138,test2\65,65,test2\65\test1039.arw,c654999194da28ec1ad19a3f49f97082,100.0,20.0,50.0,,,,104.03888888888885,18.43055555555555,35.086944444444455,4,4.038888888888849,1.56944444444445,14.913055555555545
extra_trees,139,test2\66,66,test2\66\test1043.arw,11f8c67c115e0d09726064de9a2fc062,100.0,20.0,58.0,,,,105.74166666666659,17.547500000000003,25.00833333333332,2,5.741666666666589,2.452499999999997,32.99166666666668
extra_trees,140,test2\67,67,test2\67\test7168.arw,36709e9b414fb524d610fcda3c0749bd,100.0,1.0,0.0,,,,86.15833333333333,33.349999999999994,20.604166666666654,5,13.841666666666669,32.349999999999994,20.604166666666654
extra_trees,141,test2\68,68,test2\68\test7172.arw,e9df1516c631bb498863bad0f1d5891e,100.0,1.0,0.0,,,,91.29444444444442,56.45166666666672,24.199999999999978,5,8.705555555555577,55.45166666666672,24.199999999999978
extra_trees,142,test2\69,69,test2\69\test7182.arw,7f0c59f1a70f7ba9cdfce9bdc495d268,100.0,1.0,0.0,,,,85.72222222222221,34.382499999999986,20.384722222222216,5,14.277777777777786,33.382499999999986,20.384722222222216
extra_trees,143,test2\70,70,test2\70\test6810.arw,f5a66e048eefb8da14aa4395e9feae24,60.0,25.0,40.0,,,,71.6722222222221,24.69416666666665,30.425555555555547,1,11.672222222222103,0.30583333333335005,9.574444444444453
extra_trees,144,test2\71,71,test2\71\test6814.arw,8c24b07507f873c379ec675c8a957516,60.0,25.0,40.0,,,,85.5944444444444,22.637777777777757,22.648888888888862,5,25.594444444444406,2.3622222222222433,17.351111111111138
extra_trees,145,test2\72,72,test2\72\test6818.arw,2b74cbf1e73759d195a9512a1cb82a46,60.0,25.0,40.0,,,,83.55277777777776,23.498055555555535,23.0522222222222,5,23.552777777777763,1.5019444444444652,16.9477777777778
extra_trees,146,test2\73,73,test2\73\test5886.arw,e7d0958d69d64839a2906cd6da2a07f4,110.0,10.0,20.0,,,,108.08333333333327,11.333888888888888,18.53722222222222,4,1.9166666666667282,1.3338888888888878,1.4627777777777808
extra_trees,147,test2\74,74,test2\74\test5902.arw,815f74e55caaa4845e03cba1e0c77fff,110.0,10.0,20.0,,,,108.83888888888883,11.827499999999986,18.641111111111105,2,1.1611111111111683,1.8274999999999864,1.3588888888888953
extra_trees,148,test2\75,75,test2\75\test5906.arw,a41318569aa35b60a4344bc1b7251d62,110.0,10.0,20.0,,,,103.27499999999993,12.258055555555547,16.511944444444442,5,6.725000000000065,2.258055555555547,3.488055555555558
extra_trees,149,test2\76,76,test2\76\test5422.arw,7efb75dcaba11b9b802a2c0638cce6c9,100.0,20.0,20.0,,,,82.76944444444445,33.52652777777779,19.231944444444444,1,17.230555555555554,13.526527777777787,0.7680555555555557
extra_trees,150,test2\77,77,test2\77\test5442.arw,d86a2afc021184b563927d059a0f68fb,100.0,20.0,20.0,,,,82.10277777777775,29.017777777777766,20.538611111111106,1,17.897222222222254,9.017777777777766,0.5386111111111056
extra_trees,151,test2\78,78,test2\78\test5462.arw,7eaa77c281b15ec6e47fafe3fec7be71,100.0,20.0,20.0,,,,93.625,29.71805555555554,21.327777777777776,3,6.375,9.71805555555554,1.3277777777777757
extra_trees,152,test2\79,79,test2\79\test4802.arw,26ef66b2aee62ae0baf598693965edf6,90.0,100.0,10.0,,,,89.85277777777782,25.719444444444445,15.293888888888896,3,0.14722222222218306,74.28055555555555,5.293888888888896
extra_trees,153,test2\80,80,test2\80\test4822.arw,f5d4eeddd523b7fdfe041a1de8291305,90.0,100.0,10.0,,,,91.10277777777776,37.83722222222222,22.338888888888867,5,1.10277777777776,62.16277777777778,12.338888888888867
extra_trees,154,test2\82,82,test2\82\test4311.arw,e911bb982c5cb467384870c1406dd149,80.0,15.0,0.0,,,,83.7777777777778,18.939444444444437,14.073055555555563,1,3.7777777777778,3.9394444444444368,14.073055555555563
extra_trees,155,test2\83,83,test2\83\test4315.arw,15b04cbeea9b729f02f0a4f0c89aa72b,80.0,15.0,0.0,,,,85.73333333333332,14.720277777777783,7.79972222222222,4,5.73333333333332,0.2797222222222171,7.79972222222222
extra_trees,156,test2\84,84,test2\84\test4319.arw,2fc62283d58d8a2e499c01613c22d01b,80.0,15.0,0.0,,,,91.11666666666666,17.42805555555556,16.748055555555556,2,11.11666666666666,2.4280555555555594,16.748055555555556
extra_trees,157,test2\85,85,test2\85\test3862.arw,2127739654af3c0512cb08fc46227c61,80.0,20.0,20.0,,,,82.4472222222222,20.680833333333325,14.87805555555556,5,2.4472222222221944,0.6808333333333252,5.1219444444444395
extra_trees,158,test2\86,86,test2\86\test3882.arw,baf18d3a6f3ae5bb2a45f7f409eac39a,80.0,20.0,20.0,,,,83.26944444444445,29.53583333333334,20.158888888888885,4,3.2694444444444457,9.53583333333334,0.1588888888888853
extra_trees,159,test2\87,87,test2\87\test3902.arw,a47195aa09fb9f5359d96a68ffcc0fd4,80.0,20.0,20.0,,,,85.95833333333337,31.09305555555556,20.580555555555552,4,5.958333333333371,11.093055555555559,0.5805555555555522
extra_trees,160,test2\88,88,test2\88\test3182.arw,a1b523d50814ec7da3ef2e65d01fe67d,80.0,20.0,20.0,,,,80.73055555555555,20.144444444444446,15.199444444444444,3,0.7305555555555543,0.1444444444444457,4.800555555555556
extra_trees,161,test2\89,89,test2\89\test3202.arw,490485323d140926a1f91b7177a15bb1,80.0,20.0,20.0,,,,84.66944444444448,24.768611111111113,21.276944444444442,5,4.66944444444448,4.768611111111113,1.2769444444444424
extra_trees,162,test2\90,90,test2\90\test3206.arw,4e84a5be75f3cf41b09f7d6a929f15ac,80.0,20.0,20.0,,,,81.49444444444444,23.66777777777778,18.77,1,1.49444444444444,3.667777777777779,1.2300000000000004
extra_trees,163,test2\91,91,test2\91\test2032.arw,1c99e52282d970ac44b3e33026d7fa13,80.0,30.0,20.0,,,,83.15833333333335,24.817500000000003,20.506666666666653,5,3.1583333333333456,5.182499999999997,0.5066666666666535
extra_trees,164,test2\92,92,test2\92\test2036.arw,441369019c5ddd6ebaef493da2d39217,80.0,30.0,20.0,,,,87.2166666666667,23.403611111111097,14.35916666666667,3,7.216666666666697,6.596388888888903,5.64083333333333
extra_trees,165,test2\93,93,test2\93\test2040.arw,ec4ac8d8c380e36c74135f3386397a78,80.0,30.0,20.0,,,,89.68888888888887,26.609166666666667,13.378611111111113,4,9.688888888888869,3.390833333333333,6.621388888888887
extra_trees,166,test2\94,94,test2\94\test1782.arw,31745d15974dc38f0874e265f196cc48,100.0,20.0,19.0,,,,94.82222222222222,28.473055555555536,26.92472222222222,1,5.177777777777777,8.473055555555536,7.9247222222222184
extra_trees,167,test2\95,95,test2\95\test1802.arw,5f91373801e082edc76cc1d9f87ca7da,100.0,20.0,19.0,,,,100.58611111111107,16.98944444444444,14.073888888888902,1,0.586111111111066,3.010555555555559,4.926111111111098
extra_trees,168,test2\96,96,test2\96\test1822.arw,f552fc2ab6e0168a6037d52149c4a975,100.0,20.0,19.0,,,,98.94722222222221,35.459166666666654,25.458055555555564,2,1.0527777777777914,15.459166666666654,6.458055555555564
extra_trees,169,test2\97,97,test2\97\test1425.arw,b58e6867d4a6c87781130455ab526140,100.0,20.0,30.0,,,,96.13888888888889,25.235555555555557,24.995555555555576,2,3.8611111111111143,5.235555555555557,5.004444444444424
extra_trees,170,test2\98,98,test2\98\test1429.arw,ca0f2386b4ad0e48c7f9ec415b01c31f,100.0,20.0,30.0,,,,97.2361111111111,25.56444444444444,25.84194444444445,5,2.7638888888889,5.56444444444444,4.158055555555549
extra_trees,171,test2\99,99,test2\99\test1433.arw,de03a8b34861b00678ccd7298095d56f,100.0,20.0,30.0,,,,91.94166666666669,19.535555555555558,20.051111111111116,3,8.058333333333309,0.46444444444444244,9.948888888888884
extra_trees,172,test2\S2,S2,test2\S2\test1274.arw,fd74feba816b44c60caea928c6ab0908,100.0,100.0,50.0,,,,93.7166666666667,56.11972222222235,34.47361111111113,1,6.283333333333303,43.88027777777765,15.526388888888867
extra_trees,173,test2\S3,S3,test2\S3\test1282.arw,83530ac895721f9c7bbe176522860177,100.0,100.0,50.0,,,,96.55555555555553,59.85750000000004,39.50250000000001,5,3.4444444444444713,40.14249999999996,10.497499999999988
random_forest,1,data\A1,A1,data\A1\Method3252.arw,c7f4b8d0ca12473fbc74f9ab62c2965f,40.0,10.0,30.0,0.3228255079894568,99.66121305124278,0.015961440767756,24.932374338624335,10.01,29.423888888888893,3,15.067625661375665,0.009999999999999787,0.576111111111107
random_forest,2,data\A10,A10,data\A10\data7482.arw,d0787d3c2d9a7a2057527678183a4bfe,50.0,18.0,20.0,,,,70.16999999999999,19.993890873015875,20.057468253968253,5,20.169999999999987,1.993890873015875,0.057468253968252725
random_forest,3,data\A11,A11,data\A11\data7622.arw,05428fc7c249d2ad039d2a54696b6ed9,50.0,18.0,20.0,,,,73.49797619047621,20.334623015873024,19.08434523809524,3,23.49797619047621,2.3346230158730243,0.9156547619047615
random_forest,4,data\A12,A12,data\A12\data7602.arw,39964f50efe61d14f679dd42c14c4bee,50.0,18.0,20.0,,,,61.33900793650794,17.932387566137578,18.979682539682543,1,11.33900793650794,0.067612433862422,1.0203174603174574
random_forest,5,data\A13,A13,data\A13\data6460.arw,cd44b15b85bad10eddd6258bcff0eef4,100.0,10.0,10.0,,,,88.98001322751327,13.818670634920636,12.66481349206349,4,11.019986772486732,3.818670634920636,2.664813492063489
random_forest,6,data\A15,A15,data\A15\data6464.arw,e76a7500eecfab8898241f17e4183c5a,100.0,10.0,10.0,,,,85.51777777777778,14.738554894179893,12.580539021164013,5,14.48222222222222,4.738554894179893,2.5805390211640127
random_forest,7,data\A16,A16,data\A16\data5511.arw,d8e2680022379b1fe5a8f9dbff7f1937,70.0,30.0,20.0,,,,73.3813492063492,26.332182539682545,15.916884920634924,5,3.381349206349199,3.6678174603174547,4.083115079365076
random_forest,8,data\A17,A17,data\A17\data5515.arw,07d3992e13f5ef7d747e0e6d614763dc,70.0,30.0,20.0,,,,78.89954365079365,25.899642857142855,16.16723809523809,1,8.899543650793646,4.1003571428571455,3.8327619047619095
random_forest,9,data\A18,A18,data\A18\data5519.arw,a7105e490fae7ef020cbea7343b55092,70.0,30.0,20.0,,,,72.31021825396824,25.008306216931217,13.10821428571429,2,2.3102182539682445,4.991693783068783,6.89178571428571
random_forest,10,data\A19,A19,data\A19\data2402.arw,ae4054190b545528ff66e24953c16f52,80.0,20.0,20.0,,,,83.75058201058202,19.8983578042328,20.994355820105834,5,3.750582010582022,0.10164219576720157,0.9943558201058345
random_forest,11,data\A2,A2,data\A2\Method3222.arw,f5516fe163485d0e2572d97e53df5ed9,40.0,10.0,30.0,0.3258562153376457,99.6314932311558,0.0426505535065554,28.341488095238084,10.052083333333334,29.29638888888889,3,11.658511904761916,0.052083333333333925,0.7036111111111083
random_forest,12,data\A20,A20,data\A20\data2440.arw,0e077787bf9beaa7ae4d21237b369f22,80.0,20.0,20.0,,,,80.70895502645506,20.398961640211624,20.28394444444444,4,0.7089550264550581,0.39896164021162406,0.28394444444444034
random_forest,13,data\A21,A21,data\A21\data2462.arw,cedaa284675b80e74e8d7535563a410b,80.0,20.0,20.0,,,,81.02678571428571,20.214910714285722,18.758591269841276,3,1.0267857142857082,0.21491071428572184,1.2414087301587244
random_forest,14,data\A4,A4,data\A4\Method2160.arw,d9cccb2c090bcba4e218364a847260f8,30.0,15.0,10.0,0.219265126221256,0.0837898003215417,99.6969450734572,32.09527777777777,13.804805555555559,14.34333333333333,4,2.095277777777767,1.1951944444444411,4.34333333333333
random_forest,15,data\A6,A6,data\A6\Method2226.arw,26c546e2c4c7bd10654da065c4fc0c8c,30.0,15.0,10.0,0.218206394956705,0.0792273614353971,99.7025662436079,32.35555555555555,13.739555555555558,14.613055555555551,4,2.355555555555547,1.2604444444444418,4.613055555555551
random_forest,16,data\A7,A7,data\A7\data8022.arw,ca01f036902a1aa58261b9e0e8958e88,80.0,15.0,10.0,,,,86.61982142857143,14.587735449735446,11.306551587301584,1,6.619821428571427,0.41226455026455433,1.306551587301584
random_forest,17,data\A8,A8,data\A8\data8042.arw,6b86bb8e26f0cfb4d50b752478beb5fc,80.0,15.0,10.0,,,,85.67306878306881,16.357951719576715,12.716067460317456,4,5.673068783068814,1.3579517195767146,2.716067460317456
random_forest,18,data\A9,A9,data\A9\data8062.arw,3e7efdc2f824315dd1ac2d2576187013,80.0,15.0,10.0,,,,90.81924603174602,13.319097222222224,11.375289682539682,2,10.819246031746019,1.680902777777776,1.375289682539682
random_forest,19,data\B1,B1,data\B1\data12696.arw,6a5c53cc7e8a01383346b0d46641d97b,50.0,15.0,20.0,2.52777878123971,7.133657653632013,89.16868734192283,43.199219576719585,11.759514880952384,16.14368518518518,5,6.800780423280415,3.240485119047616,3.8563148148148194
random_forest,20,data\B10,B10,data\B10\data1533.arw,2df05dfb2bf0c46069fc2c234da40c22,80.0,10.0,10.0,,,,75.62238756613756,15.75391005291005,14.05828174603175,4,4.3776124338624385,5.753910052910051,4.058281746031749
random_forest,21,data\B11,B11,data\B11\data1537.arw,1552cb1626137afb9a83b9da6511e8fd,80.0,10.0,10.0,,,,78.28341269841268,13.730529100529102,11.957031746031745,5,1.7165873015873245,3.730529100529102,1.9570317460317455
random_forest,22,data\B12,B12,data\B12\data1541.arw,6878a0f335fd0ef48ab5d8c7106d114e,80.0,10.0,10.0,,,,87.71055555555554,17.131479497354494,17.387289682539684,3,7.710555555555544,7.131479497354494,7.387289682539684
random_forest,23,data\B13,B13,data\B13\data1222.arw,eebd04850bbee96160e0df957162b768,70.0,10.0,10.0,,,,76.58847883597886,16.476235930735932,15.225855579605586,3,6.5884788359788615,6.476235930735932,5.225855579605586
random_forest,24,data\B14,B14,data\B14\data1242.arw,53c07954455e19e3c74ea1620f4dfb04,70.0,10.0,10.0,,,,75.45188492063492,16.233146645021648,13.487076479076483,3,5.4518849206349245,6.233146645021648,3.4870764790764834
random_forest,25,data\B15,B15,data\B15\data1262.arw,1cf2ff3399bccabdc44a756f72e87b24,70.0,10.0,10.0,,,,74.53973544973545,18.062079365079363,19.419849206349205,4,4.539735449735446,8.062079365079363,9.419849206349205
random_forest,26,data\B2,B2,data\B2\Method2762.arw,e8a33a6d0ef483bdd4a5ce8269c57e29,40.0,10.0,30.0,2.7667276620923373,10.289885397477764,86.89971224140515,41.614867724867736,9.865046957671957,25.689965608465616,2,1.6148677248677359,0.13495304232804273,4.3100343915343835
random_forest,27,data\B3,B3,data\B3\testdata1078.arw,49b895448d7d774ddbfa75ea9d7ca593,80.0,20.0,32.0,,,,78.54427910052907,20.261549603174604,29.292158730158736,4,1.4557208994709327,0.2615496031746041,2.707841269841264
random_forest,28,data\B4,B4,data\B4\Method2802.arw,36de87f0cc14b5c5c2eaee9439a4f944,40.0,10.0,30.0,3.7824449871314254,14.166380570497996,82.05117444237058,46.12882936507936,11.431043650793656,24.717724206349214,4,6.128829365079362,1.4310436507936561,5.282275793650786
random_forest,29,data\B5,B5,data\B5\Method2806.arw,f785234c750dbd96496ce627b5fec034,40.0,10.0,30.0,3.633941774786445,14.143883061444054,82.22217516376949,39.71511904761905,10.200059523809523,29.273492063492075,3,0.2848809523809521,0.2000595238095233,0.7265079365079252
random_forest,30,data\B6,B6,data\B6\Method2202.arw,46caf46e7a61846823a971d1d852b54f,30.0,15.0,10.0,0.0131528742292219,3.095657173329525,14.083233064290374,34.3695634920635,14.149404761904767,12.728158730158723,2,4.369563492063499,0.8505952380952326,2.7281587301587233
random_forest,31,data\B7,B7,data\B7\testdata1082.arw,b2c571b076ddcaa1eeff232870ed6e54,80.0,20.0,32.0,,,,79.35798280423279,20.206257275132273,26.000858465608463,3,0.6420171957672096,0.20625727513227332,5.999141534391537
random_forest,32,data\BC1,BC1,data\BC1\data12782.arw,bb6b6842998d6dc5ef8dfe8d9173de98,50.0,15.0,20.0,5.298789011193628,3.336900869519345,90.8834154759742,61.652698412698435,17.289748015873002,20.11197817460318,2,11.652698412698435,2.289748015873002,0.11197817460318049
random_forest,33,data\BC10,BC10,data\BC10\data1079.arw,2eb5a6c4c922ddbd4f04cc3769dc8bce,70.0,10.0,10.0,,,,74.33395502645502,16.201747835497837,11.770044733044738,3,4.3339550264550155,6.201747835497837,1.7700447330447382
random_forest,34,data\BC11,BC11,data\BC11\data1083.arw,28c37ae16a2d70f78db3e725a068c660,70.0,10.0,10.0,,,,74.07130952380955,17.10177380952381,12.466742063492063,2,4.071309523809546,7.101773809523809,2.466742063492063
random_forest,35,data\BC2,BC2,data\BC2\Method1066.arw,8744fcb5bd719e42e44c0d588c97810f,80.0,20.0,11.0,3.3642567821534555,13.641194826379724,82.46781244839667,39.03576719576718,10.37528174603175,28.578992063492066,3,40.96423280423282,9.62471825396825,17.578992063492066
random_forest,36,data\BC3,BC3,data\BC3\Method4614.arw,d852450fad47f348339c6f44e213c6d3,30.0,10.0,30.0,3.2210313968951705,12.681248059686276,82.21187683157932,33.45214285714285,9.766833333333333,28.80625,2,3.452142857142853,0.2331666666666674,1.1937500000000014
random_forest,37,data\BC4,BC4,data\BC4\Method4610.arw,2404c366417c95d45d8f5a8eea4002d3,30.0,10.0,30.0,3.430866392768801,13.433936236021204,81.3184982512882,34.727380952380955,9.558472222222226,29.268611111111113,1,4.727380952380955,0.4415277777777735,0.7313888888888869
random_forest,38,data\BC5,BC5,data\BC5\Method4606.arw,f33be1402f9dd450a73698fe3989ca8d,30.0,10.0,30.0,3.4146956894598945,13.651626973995604,81.0948275152999,35.9403902116402,10.582861111111113,27.512888888888888,4,5.940390211640199,0.5828611111111126,2.487111111111112
random_forest,39,data\BC6,BC6,data\BC6\data4584.arw,3b48fbe79d06f41103727d5774d317da,70.0,30.0,0.0,,,,80.39937169312172,24.568175264550273,15.600812169312169,5,10.399371693121722,5.431824735449727,15.600812169312169
random_forest,40,data\BC7,BC7,data\BC7\data4592.arw,4e29bdb33bd70ac5989fc163a8431308,70.0,30.0,0.0,,,,73.47564153439153,28.00289880952382,10.131391534391534,2,3.475641534391528,1.9971011904761795,10.131391534391534
random_forest,41,data\BC8,BC8,data\BC8\data4600.arw,60a35ec7ce2ad6c0e590efb6585ae5b5,70.0,30.0,0.0,,,,72.83298941798941,23.203254629629626,11.443201058201062,4,2.8329894179894097,6.796745370370374,11.443201058201062
random_forest,42,data\BC9,BC9,data\BC9\data1075.arw,a296c47b3f731bba032b36dd4452ea48,70.0,10.0,10.0,,,,75.23029761904763,17.856055555555557,13.10387566137566,1,5.230297619047633,7.856055555555557,3.1038756613756604
random_forest,43,data\BE1,BE1,data\BE1\Method2722.arw,d7baa434452f73a496d8fcbe08f80c37,40.0,10.0,30.0,0.6222958138830502,2.555018434002333,6.879331895790089,50.55030303030301,14.867655543530546,17.385119408369405,3,10.550303030303013,4.867655543530546,12.614880591630595
random_forest,44,extra\46,46,extra\46\Method2742.arw,9486560658ec9b86174953e5783d2d13,40.0,10.0,30.0,0.3416725289880082,99.658327471012,,45.10604497354498,13.823056878306891,14.837772486772487,2,5.106044973544982,3.8230568783068914,15.162227513227513
random_forest,45,extra\48,48,extra\48\Method2782.arw,407744b48b398ea2fea3f484bbc7bfb2,40.0,10.0,30.0,3.7388886956329017,14.131027808748302,82.13008349561878,47.31410714285715,11.678099206349211,24.558113095238102,4,7.3141071428571465,1.678099206349211,5.441886904761898
random_forest,46,extra\51,51,extra\51\Method2810.arw,1c4f512926487524478943a343e57559,40.0,10.0,30.0,3.5356392316179885,13.976890358293426,82.48747041008858,40.364960317460316,9.845051587301588,28.498928571428575,2,0.36496031746031576,0.15494841269841153,1.501071428571425
random_forest,47,extra\52,52,extra\52\Method2814.arw,16043c1ca5ee268cc5f37a96969a167d,40.0,10.0,30.0,3.3785883181164293,13.92171406024245,82.69969762164114,40.5427380952381,10.108940476190476,28.379761904761907,2,0.5427380952381,0.10894047619047598,1.6202380952380935
random_forest,48,extra\53,53,extra\53\Method2818.arw,e83e580fcae63d876312af871f0de951,40.0,10.0,30.0,3.368536331847961,13.904714207262437,82.7267494608896,39.73761904761905,10.178531746031746,29.475714285714293,3,0.26238095238095127,0.17853174603174615,0.5242857142857069
random_forest,49,extra\59,59,extra\59\Method2568.arw,910296572a93f2497bfbbd9f41fe197a,40.0,0.0,30.0,4.144714493292622,13.86520080385851,81.9305029525562,39.0168253968254,10.040277777777776,29.75555555555556,3,0.9831746031745965,10.040277777777776,0.24444444444444002
random_forest,50,extra\60,60,extra\60\Method2572.arw,e2ce2ee35e9c56b31ba0085d42607051,40.0,10.0,30.0,3.8333448006050457,13.539828971955004,82.55631762028156,40.12547619047619,9.149694444444442,29.010138888888893,2,0.12547619047619207,0.8503055555555576,0.9898611111111073
random_forest,51,extra\62,62,extra\62\Method2576.arw,c53235bdf49f33d27f799f044973ef15,40.0,10.0,30.0,3.605654148202321,13.20775148321434,83.13457164726924,39.603750000000005,8.826305555555559,29.209361111111114,1,0.3962499999999949,1.1736944444444415,0.7906388888888856
random_forest,52,extra\64,64,extra\64\Method2584.arw,0cbc73b1279e4fa97debfb17a89b06c1,40.0,10.0,30.0,3.715486736388255,13.605034485743648,82.60161753403135,38.89237433862434,9.331247685185184,28.18872685185186,5,1.107625661375657,0.6687523148148156,1.811273148148139
random_forest,53,extra\65,65,extra\65\Method2588.arw,88e1a188e19d835ba1c3abbd56ad7e8f,40.0,10.0,30.0,3.1809000770995643,13.084120071756365,83.68917890543892,38.98152777777778,8.267138888888887,29.39672222222222,1,1.018472222222222,1.732861111111113,0.6032777777777802
random_forest,54,extra\68,68,extra\68\Method2222.arw,184f8a2221f5e70e26123176e8303b97,30.0,15.0,10.0,0.0095394590726384,2.695531188395075,13.012394496836444,34.204484126984134,14.592511904761905,12.969682539682541,1,4.204484126984134,0.4074880952380955,2.969682539682541
random_forest,55,extra\71,71,extra\71\Method1631.arw,ab8050b37c6041960f06bdb8d95f5738,30.0,15.0,10.0,2.126160189163513,10.461840542207618,87.40611948784873,30.341388888888886,14.814583333333333,10.780555555555555,1,0.3413888888888863,0.18541666666666679,0.780555555555555
random_forest,56,extra\72,72,extra\72\Method1639.arw,1e9f4078243402fab802324548bca3cd,30.0,15.0,10.0,2.190165845037687,10.336701801817233,87.47313235314509,30.597222222222225,14.819722222222223,10.87527777777778,3,0.597222222222225,0.18027777777777665,0.8752777777777805
random_forest,57,extra\73,73,extra\73\Method1643.arw,1c2b716d5953d99e41d6b7704f83a45f,30.0,15.0,10.0,2.1282015418798648,9.985813395118772,87.88598506300137,30.882222222222225,14.84461111111111,10.929222222222222,3,0.8822222222222251,0.1553888888888899,0.9292222222222222
random_forest,58,extra\75,75,extra\75\Method1647.arw,d2df0d28c046efe0d2b08b1fc14904c5,30.0,15.0,10.0,2.077818014485304,9.75392597033481,88.16825601517989,30.901944444444446,14.77863888888889,11.139777777777779,3,0.901944444444446,0.22136111111110957,1.1397777777777787
random_forest,59,extra\76,76,extra\76\Method1655.arw,22ddd85f252e86fbc95742629707a2b6,30.0,15.0,10.0,2.079193297990623,9.59186606462077,88.32894063738861,30.298611111111107,14.89111111111111,10.353333333333333,4,0.29861111111110716,0.10888888888888992,0.3533333333333335
random_forest,60,extra\77,77,extra\77\Method1659.arw,70503903b0293c9f072fb902e2756197,30.0,15.0,10.0,3.5506472019383506,14.253126127810754,82.19622667025091,31.23646825396825,14.221607142857144,12.667460317460316,4,1.2364682539682512,0.7783928571428564,2.667460317460316
random_forest,61,extra\78,78,extra\78\Method1663.arw,c0c747a7d802365f52a06b28f043f816,30.0,15.0,10.0,3.450255504625479,14.198853941638845,82.35089055373568,30.75694444444444,14.52472222222222,11.165277777777776,2,0.7569444444444393,0.47527777777778013,1.165277777777776
random_forest,62,extra\79,79,extra\79\Method1667.arw,f2d836a50ef0c644e1fc8a52ddf90598,30.0,15.0,10.0,3.497258425821065,14.208314740084449,82.29442683409448,30.74722222222222,14.58222222222222,11.539444444444442,5,0.74722222222222,0.41777777777777914,1.5394444444444417
random_forest,63,extra\81,81,extra\81\Method1248.arw,3ca49eadfdaace0a39af87fec6e7dc66,30.0,15.0,10.0,0.183050071188265,0.072242252818017,99.74470767599372,30.511388888888888,14.811250000000003,10.864722222222222,3,0.511388888888888,0.1887499999999971,0.8647222222222215
random_forest,64,extra\82,82,extra\82\Method1252.arw,7a3cdee1e86d21b9a95861aa95d8e5db,30.0,15.0,10.0,4.3991040039144425,14.598167383756492,81.00272861232907,30.389166666666668,14.838194444444444,10.471666666666666,4,0.389166666666668,0.16180555555555642,0.4716666666666658
random_forest,65,extra\83,83,extra\83\Method1256.arw,649761114c5e57d40f34b0108df0361f,30.0,15.0,10.0,4.066415443300342,13.916742085892022,81.98647449675687,30.252777777777773,14.901388888888887,10.384166666666667,1,0.2527777777777729,0.0986111111111132,0.3841666666666672
random_forest,66,extra\84,84,extra\84\Method1260.arw,23c03ccf37cc26cd83d14c6031f62f74,30.0,15.0,10.0,4.011793497583115,14.021523932255992,81.7795647818654,31.395000000000007,14.411666666666669,12.04111111111111,2,1.3950000000000067,0.5883333333333312,2.0411111111111104
random_forest,67,extra\85,85,extra\85\Method1264.arw,39704a0b49d98b80daa9e6870b8b23c8,30.0,15.0,10.0,3.9323037566635217,13.918676500237712,82.0035209032889,31.46055555555556,14.529722222222222,11.767222222222218,2,1.4605555555555583,0.4702777777777776,1.7672222222222178
random_forest,68,extra\86,86,extra\86\Method1268.arw,61d7182c5920d45940fa07847d2066b7,30.0,15.0,10.0,3.775859184867787,13.872716712984476,82.31934529452727,30.482500000000005,14.810972222222222,10.688333333333333,2,0.48250000000000526,0.18902777777777757,0.6883333333333326
random_forest,69,extra\87,87,extra\87\Method1272.arw,f9c1b80b8e75cd0e99121627c7015276,30.0,15.0,10.0,0.1783276617207878,0.0692610270459898,99.75241131123325,30.30416666666666,14.715,10.816666666666668,2,0.30416666666666003,0.28500000000000014,0.8166666666666682
random_forest,70,extra\88,88,extra\88\Method1112.arw,519334b0a2d94335f30e0384815b17d8,40.0,10.0,30.0,0.650147157902635,0.0871648805029219,99.15302420149642,48.90509920634922,12.770702380952386,22.976388888888884,4,8.90509920634922,2.770702380952386,7.023611111111116
random_forest,71,extra\89,89,extra\89\Method1116.arw,1bec3f2d1ce96e2bc1849995f2d60709,40.0,10.0,30.0,2.111081814707485,10.10725332623539,87.66530870878772,45.43196428571429,11.552089285714285,24.719805555555556,4,5.431964285714287,1.5520892857142847,5.280194444444444
random_forest,72,extra\90,90,extra\90\Method1120.arw,d310c4e14ed6c2fe14593e0edd30fb62,40.0,10.0,30.0,0.3249153437857594,5.938123905966698,93.4201689040937,38.86656746031746,10.473087301587302,27.21706547619048,2,1.1334325396825378,0.4730873015873023,2.7829345238095193
random_forest,73,extra\91,91,extra\91\Method1124.arw,f11007cdc55df154a273ba52cc15bc6a,40.0,10.0,30.0,0.70435332249267,99.19718318931191,0.0984634881953983,52.87007936507936,13.83566732804233,22.23894047619048,1,12.870079365079363,3.83566732804233,7.7610595238095215
random_forest,74,extra\92,92,extra\92\Method1042.arw,4701d9073dc4f3891336332326020165,80.0,20.0,11.0,0.7232332130785715,99.18989101204888,0.086875774872555,54.417169312169335,14.33050595238096,21.346731481481488,1,25.582830687830665,5.66949404761904,10.346731481481488
random_forest,75,extra\99,99,extra\99\Method1070.arw,f6de665d5b511bda2ab8ff956d921537,80.0,20.0,11.0,0.7211338222371899,99.18808502870505,0.0907811490577762,44.31204365079367,12.129573412698416,22.620869047619053,4,35.68795634920633,7.8704265873015835,11.620869047619053
random_forest,76,extra\D1,D1,extra\D1\exp1562.arw,376e46868cc1c3dc7d7852259e13a1c7,50.0,0.5,0.0,0.4108130355788185,3.927051766389982,95.4848363521242,49.35091269841269,1.0323095238095237,0.7821111111111111,3,0.6490873015873078,0.5323095238095237,0.7821111111111111
random_forest,77,extra\D2,D2,extra\D2\exp1542.arw,6a29bee1131b08a476e68bdec7f9c42b,50.0,0.5,0.0,0.1348536928679711,3.984601829698601,95.69728190575948,48.10628968253969,0.9791061507936512,1.2514444444444446,1,1.893710317460311,0.47910615079365115,1.2514444444444446
random_forest,78,extra\D3,D3,extra\D3\exp1522.arw,a1b58e9639ddd520fd4f2c14dcb87374,50.0,0.5,0.0,0.0899953774088122,3.946360614592429,95.76601609016384,51.14794733044732,1.8543537157287158,1.2237896825396826,2,1.147947330447323,1.3543537157287158,1.2237896825396826
random_forest,79,extra\D4,D4,extra\D4\exp1502.arw,81ab34d4bed4c8dcf6395e83bf47fac4,50.0,0.5,0.0,0.3341220416536078,3.800583860561933,95.66637945390757,49.92571428571429,1.0854305555555555,0.8254920634920635,1,0.07428571428570763,0.5854305555555555,0.8254920634920635
random_forest,80,extra\D5,D5,extra\D5\exp1482.arw,bdc8952e31b7ab0a84ac6f56d60bd153,50.0,0.5,0.0,0.2650199415628388,3.6088470445782286,95.9156679219335,50.14656746031746,1.4138214285714286,1.0452380952380955,5,0.14656746031746337,0.9138214285714286,1.0452380952380955
random_forest,81,extra\HT LL 3,HT LL 3,extra\HT LL 3\testdata1086.arw,c60151f63d4e58db7fcf5045fe6caa53,80.0,20.0,32.0,,,,79.64357142857143,21.250591931216942,29.701361111111115,5,0.356428571428566,1.2505919312169418,2.2986388888888847
random_forest,82,extra\HT LL 4,HT LL 4,extra\HT LL 4\testdata1090.arw,4dda59d6af8eb5d8fa39b710bdc4751a,80.0,20.0,32.0,,,,79.06021164021163,20.7528921957672,27.105399470899464,3,0.9397883597883663,0.752892195767199,4.894600529100536
random_forest,83,extra\HT LL 5,HT LL 5,extra\HT LL 5\testdata1094.arw,3ef97dea26c800ecd8137f3530bb4900,80.0,20.0,32.0,,,,80.97433862433866,24.413308201058204,26.946002645502638,1,0.9743386243386567,4.413308201058204,5.053997354497362
random_forest,84,extra\N1,N1,extra\N1\Method1878.arw,814f67924660894f558f270e7cf1cf9b,100.0,10.0,10.0,,,,103.48499999999996,11.321451058201058,10.654474867724867,3,3.484999999999957,1.321451058201058,0.6544748677248666
random_forest,85,extra\N2,N2,extra\N2\Method1874.arw,2935db0675636bead8ad3e3ead73d471,100.0,10.0,10.0,,,,102.44912698412699,13.704013888888891,11.023699074074077,1,2.449126984126991,3.704013888888891,1.0236990740740772
random_forest,86,extra\N3,N3,extra\N3\Method1870.arw,6f1c83b99389945e1df37e788b6159d9,100.0,10.0,10.0,,,,102.38674603174603,11.599990079365078,10.81271626984127,5,2.3867460317460285,1.599990079365078,0.8127162698412693
random_forest,87,extra\N4,N4,extra\N4\Method1866.arw,bb2efb476d0ca23f7d227e7b18221c3d,100.0,10.0,10.0,,,,86.8611111111111,19.402207010582003,15.799351851851853,3,13.1388888888889,9.402207010582003,5.799351851851853
random_forest,88,extra\N5,N5,extra\N5\Method1862.arw,99e75daa0a66654f7c9a2fd12a7e7294,100.0,10.0,10.0,,,,104.08880952380954,12.478974206349216,10.33777050264551,1,4.0888095238095445,2.478974206349216,0.33777050264551
random_forest,89,test2\1,1,test2\1\test1842.arw,810a9eef94b4d2472a36091e802465a5,50.0,0.5,0.0,,,,49.81464285714283,2.484488095238095,2.8506706349206348,4,0.1853571428571712,1.984488095238095,2.8506706349206348
random_forest,90,test2\2,2,test2\2\test1866.arw,8574b1e0a2a11d1fac66b86bd10c68f2,50.0,0.5,0.0,,,,45.37744047619045,2.217247023809524,4.9142777777777775,4,4.622559523809549,1.717247023809524,4.9142777777777775
random_forest,91,test2\3,3,test2\3\test1874.arw,4f686e1456b3ba5efd48e221648fd158,50.0,0.5,0.0,,,,47.342321428571424,1.4779871031746028,2.3432738095238093,5,2.657678571428576,0.9779871031746028,2.3432738095238093
random_forest,92,test2\4,4,test2\4\Method4911.arw,68ee240ddd81b10391c6f08ef89eb30b,40.0,0.0,0.0,,,,42.08497113997114,3.280113636363637,8.546111111111111,2,2.084971139971138,3.280113636363637,8.546111111111111
random_forest,93,test2\5,5,test2\5\Method4922.arw,9e63219b3284cfb629e47772c3e88100,40.0,0.0,0.0,,,,43.50061507936505,2.0635515873015855,4.890722222222222,5,3.5006150793650477,2.0635515873015855,4.890722222222222
random_forest,94,test2\6,6,test2\6\Method4942.arw,8dff2e0615073540f46b7c0442dc6c30,40.0,0.0,0.0,,,,42.563921957671916,2.871524801587304,7.311111111111112,4,2.5639219576719157,2.871524801587304,7.311111111111112
random_forest,95,test2\7,7,test2\7\Method4602.arw,d2d0ce49f5470d2da799cff0dfe71f6b,30.0,10.0,30.0,,,,37.74229497354498,11.163,26.35580555555555,4,7.742294973544979,1.1630000000000003,3.6441944444444516
random_forest,96,test2\10,10,test2\10\test5606.arw,257b2fe9c3b1da16135d9fed8b9eef72,100.0,1.0,0.0,,,,99.50354497354493,13.542116402116394,10.836686507936513,5,0.4964550264550667,12.542116402116394,10.836686507936513
random_forest,97,test2\11,11,test2\11\test5610.arw,7ee3e7505321515e9fa88a4eabe90c66,100.0,1.0,0.0,,,,94.08724206349208,15.407505952380946,14.618911255411255,2,5.912757936507916,14.407505952380946,14.618911255411255
random_forest,98,test2\12,12,test2\12\test5614.arw,bea2d552cb8bf8b5a84ac4e9bfc1f947,100.0,1.0,0.0,,,,100.35559523809525,10.119944444444446,8.95862698412698,3,0.3555952380952476,9.119944444444446,8.95862698412698
random_forest,99,test2\13,13,test2\13\Method4491.arw,afe84dcb5e8388b2866f05a713da34c5,40.0,10.0,30.0,,,,36.348882275132276,9.775083333333331,27.7975,4,3.6511177248677242,0.22491666666666887,2.2025000000000006
random_forest,100,test2\14,14,test2\14\Method4495.arw,730eacf5447334aa5134c91b8d0c6116,40.0,10.0,30.0,,,,39.24972222222222,9.147430555555554,28.136111111111106,2,0.7502777777777823,0.8525694444444465,1.8638888888888943
random_forest,101,test2\15,15,test2\15\Method4499.arw,20825090e838440c61a765eaffd8bef9,40.0,10.0,30.0,,,,37.93886904761904,8.58654761904762,29.019444444444446,1,2.0611309523809567,1.4134523809523802,0.9805555555555543
random_forest,102,test2\16,16,test2\16\Method3707.arw,673c5171dfaca487ffa89e5c66f668ff,20.0,10.0,30.0,,,,30.041898148148128,10.106791666666664,28.212861111111106,4,10.041898148148128,0.1067916666666644,1.7871388888888937
random_forest,103,test2\17,17,test2\17\Method3712.arw,cf4db732d5451546027a542528fe2834,20.0,10.0,30.0,,,,28.445436507936513,9.774736111111112,29.381666666666668,2,8.445436507936513,0.22526388888888782,0.6183333333333323
random_forest,104,test2\18,18,test2\18\Method3722.arw,d04776eb596d0bb458b561d7babb43b4,20.0,10.0,30.0,,,,33.93821428571427,10.254686507936508,28.46575,1,13.938214285714267,0.2546865079365084,1.5342500000000001
random_forest,105,test2\19,19,test2\19\Method3202.arw,e60140d62c658839b28ea0e609a11f9f,40.0,10.0,30.0,,,,37.235119047619044,10.001511904761902,28.75616666666667,1,2.764880952380956,0.0015119047619016612,1.2438333333333311
random_forest,106,test2\20,20,test2\20\Method3247.arw,54bb4762becca98a398a7313803693da,40.0,10.0,30.0,,,,42.485376984126994,10.653998015873015,25.885478174603175,2,2.4853769841269937,0.6539980158730145,4.1145218253968245
random_forest,107,test2\28,28,test2\28\test1922.arw,d70762ae5598a873fa609dfbbb4e314c,120.0,15.0,5.0,,,,106.92261904761905,13.062021825396823,10.080668650793648,4,13.077380952380949,1.9379781746031775,5.080668650793648
random_forest,108,test2\29,29,test2\29\test1950.arw,118f3453b934bbd466ca715998e6a693,120.0,15.0,5.0,,,,112.23551587301587,13.634552248677247,9.353060185185182,3,7.764484126984129,1.365447751322753,4.353060185185182
random_forest,109,test2\30,30,test2\30\test1938.arw,607360d8a94f0edf97d508bc500985d3,120.0,15.0,5.0,,,,109.69249999999998,15.338924603174604,11.662985449735455,5,10.307500000000019,0.33892460317460404,6.662985449735455
random_forest,110,test2\31,31,test2\31\test1113.arw,a5d521da92c67f30302570a03be251aa,120.0,0.0,10.0,,,,113.79353174603176,15.933409391534397,11.755458994708993,3,6.206468253968239,15.933409391534397,1.7554589947089934
random_forest,111,test2\32,32,test2\32\test1466.arw,ba02288d102d81c90395289bbc1d484a,120.0,0.0,10.0,,,,93.39944444444444,12.210394841269846,9.880748015873017,5,26.60055555555556,12.210394841269846,0.11925198412698279
random_forest,112,test2\33,33,test2\33\test1470.arw,749893bc0c6d736e5158bbf6ecd1d610,120.0,0.0,10.0,,,,92.56777777777779,12.207107142857149,9.676162698412698,5,27.432222222222208,12.207107142857149,0.32383730158730195
random_forest,113,test2\34,34,test2\34\test1199.arw,ef9b9b6c8733df0f92ee591140258f7e,100.0,50.0,50.0,,,,94.70150793650791,48.684720238095245,39.80340079365077,2,5.298492063492091,1.3152797619047547,10.196599206349227
random_forest,114,test2\35,35,test2\35\test1203.arw,a16b7844d1a0f91f7aca7340c4f82e30,100.0,50.0,50.0,,,,95.39572751322751,57.807498015872966,43.4089880952381,4,4.604272486772487,7.807498015872966,6.591011904761899
random_forest,115,test2\36,36,test2\36\test1207.arw,6db4d43ae2f6bd848f87717d52a61638,100.0,50.0,50.0,,,,92.86873015873014,47.57572751322751,39.597623015873005,1,7.131269841269855,2.4242724867724874,10.402376984126995
random_forest,116,test2\37,37,test2\37\test1035.arw,6c1672c8807671b6d6f15acaf3d53c29,100.0,10.0,10.0,,,,97.92710317460318,14.654166666666663,14.627730158730158,3,2.0728968253968247,4.654166666666663,4.627730158730158
random_forest,117,test2\38,38,test2\38\test1043.arw,14cc1280b0497fbd4e813170673b6a8f,100.0,10.0,10.0,,,,98.58253968253968,13.714792989417987,15.07133267195767,1,1.4174603174603249,3.7147929894179867,5.07133267195767
random_forest,118,test2\39,39,test2\39\test1051.arw,d692f8af2f20beca82049b74a145eb06,100.0,10.0,10.0,,,,99.97912698412699,14.77973232323232,14.31076358826359,5,0.020873015873007716,4.77973232323232,4.31076358826359
random_forest,119,test2\46,46,test2\46\test3402.arw,b81227153fccc8e85e89057ed51b33e4,120.0,20.0,0.0,,,,110.43444444444448,16.231295634920624,11.811869708994712,1,9.56555555555552,3.768704365079376,11.811869708994712
random_forest,120,test2\47,47,test2\47\test3422.arw,1f6cc1816d62b7466264b309db61e98c,120.0,20.0,0.0,,,,107.99936507936508,16.01699933862433,13.792353715728714,2,12.000634920634923,3.9830006613756694,13.792353715728714
random_forest,121,test2\48,48,test2\48\test3406.arw,0667e1fc5af18f853d5760150afc512e,120.0,20.0,0.0,,,,105.04269841269843,25.616799603174616,25.451992604617597,2,14.957301587301572,5.616799603174616,25.451992604617597
random_forest,122,test2\49,49,test2\49\test3130.arw,1c9805c3b06cdb524eaff630f5f3e280,120.0,20.0,10.0,,,,113.77448412698412,14.458358465608459,9.730197089947096,1,6.22551587301588,5.541641534391541,0.26980291005290447
random_forest,123,test2\50,50,test2\50\test3162.arw,bc9abcbebf4dcc48133acbcc5ca54a4c,120.0,20.0,10.0,,,,114.72480158730156,14.712394179894178,9.264482804232806,1,5.275198412698444,5.2876058201058225,0.7355171957671942
random_forest,124,test2\51,51,test2\51\test3114.arw,15eec5bb1d74478313cc865d0b18e8e2,120.0,20.0,10.0,,,,111.43492063492062,18.205607142857147,11.968902777777783,3,8.565079365079384,1.794392857142853,1.9689027777777834
random_forest,125,test2\52,52,test2\52\test2790.arw,d393a3d67c243c94afb658006019b5ad,120.0,10.0,10.0,,,,109.03063492063494,16.748296957671947,14.303053571428576,1,10.969365079365062,6.748296957671947,4.303053571428576
random_forest,126,test2\53,53,test2\53\test2794.arw,be88be5314f41a759967d48427e3b44a,120.0,10.0,10.0,,,,112.7305423280423,13.243015873015871,12.276523148148152,4,7.269457671957696,3.243015873015871,2.2765231481481525
random_forest,127,test2\54,54,test2\54\test2798.arw,65e1c38183292830b761e2e18307d624,120.0,10.0,10.0,,,,103.29587301587303,18.324850048100043,21.98550036075036,5,16.704126984126972,8.324850048100043,11.985500360750361
random_forest,128,test2\55,55,test2\55\test1790.arw,c8a97413467b871e88eb8cd15d94bc5e,100.0,25.0,10.0,,,,104.76037698412698,19.95333802308803,14.05797510822511,2,4.760376984126978,5.04666197691197,4.05797510822511
random_forest,129,test2\56,56,test2\56\test1798.arw,71d9db953f18534c87d35d15cb03c743,100.0,25.0,10.0,,,,101.61170634920632,34.83716137566137,22.3105119047619,3,1.6117063492063153,9.837161375661367,12.3105119047619
random_forest,130,test2\57,57,test2\57\test1802.arw,23be794bd7c39450d277b6aeca1f0ca0,100.0,25.0,10.0,,,,102.92164682539678,34.31151719576719,22.872059523809526,3,2.9216468253967776,9.311517195767188,12.872059523809526
random_forest,131,test2\58,58,test2\58\test1591.arw,3c941fd393333270a9d990af530a3e21,100.0,20.0,20.0,,,,103.87162698412702,18.3269708994709,16.757816137566124,4,3.871626984127019,1.6730291005290994,3.242183862433876
random_forest,132,test2\59,59,test2\59\test1595.arw,18b1b2b54c2a7c952382c982b3c31428,100.0,20.0,20.0,,,,103.04980158730156,18.005927429052424,16.941016895141885,5,3.049801587301559,1.9940725709475764,3.0589831048581146
random_forest,133,test2\60,60,test2\60\test1602.arw,73150becc22983ead94129e59e25bd87,100.0,20.0,20.0,,,,100.07063492063493,15.42319775132275,18.197533068783063,1,0.07063492063493015,4.57680224867725,1.8024669312169372
random_forest,134,test2\61,61,test2\61\test1435.arw,3f4cdc3182db9ea7463f13606862c31b,100.0,20.0,20.0,,,,100.84642857142858,19.235693121693117,22.974399470899467,5,0.8464285714285751,0.7643068783068827,2.974399470899467
random_forest,135,test2\62,62,test2\62\test1439.arw,6db2e76b347f440a158fec061bc21dd9,100.0,20.0,20.0,,,,100.30964285714286,22.66117063492064,24.693321969696967,2,0.30964285714286177,2.6611706349206408,4.693321969696967
random_forest,136,test2\63,63,test2\63\test1443.arw,87ec1c730853c57c6e49f06fcdb49f3d,100.0,20.0,20.0,,,,101.43575396825395,18.74551587301588,18.69189484126984,2,1.4357539682539482,1.2544841269841207,1.3081051587301609
random_forest,137,test2\64,64,test2\64\test1035.arw,61aca72fd6ebde293de138f0771c7976,100.0,20.0,50.0,,,,100.28646825396825,21.44431084656085,25.72359391534392,3,0.28646825396825193,1.4443108465608496,24.27640608465608
random_forest,138,test2\65,65,test2\65\test1039.arw,c654999194da28ec1ad19a3f49f97082,100.0,20.0,50.0,,,,106.57740740740743,17.780962301587298,23.084338624338628,4,6.577407407407435,2.219037698412702,26.915661375661372
random_forest,139,test2\66,66,test2\66\test1043.arw,11f8c67c115e0d09726064de9a2fc062,100.0,20.0,58.0,,,,108.51051587301588,17.210015873015877,17.248859126984115,2,8.510515873015876,2.7899841269841232,40.751140873015885
random_forest,140,test2\67,67,test2\67\test7168.arw,36709e9b414fb524d610fcda3c0749bd,100.0,1.0,0.0,,,,85.03200396825393,36.35027116402117,20.94652777777778,5,14.967996031746068,35.35027116402117,20.94652777777778
random_forest,141,test2\68,68,test2\68\test7172.arw,e9df1516c631bb498863bad0f1d5891e,100.0,1.0,0.0,,,,88.60929894179888,47.69188227513225,23.716140211640216,5,11.390701058201117,46.69188227513225,23.716140211640216
random_forest,142,test2\69,69,test2\69\test7182.arw,7f0c59f1a70f7ba9cdfce9bdc495d268,100.0,1.0,0.0,,,,85.27428571428568,32.7458544973545,21.05054761904761,5,14.725714285714318,31.7458544973545,21.05054761904761
random_forest,143,test2\70,70,test2\70\test6810.arw,f5a66e048eefb8da14aa4395e9feae24,60.0,25.0,40.0,,,,80.85162037037038,23.74203240740741,26.21506216931218,1,20.851620370370384,1.257967592592589,13.78493783068782
random_forest,144,test2\71,71,test2\71\test6814.arw,8c24b07507f873c379ec675c8a957516,60.0,25.0,40.0,,,,89.83962962962958,25.358435185185186,21.267566137566146,5,29.839629629629584,0.35843518518518636,18.732433862433854
random_forest,145,test2\72,72,test2\72\test6818.arw,2b74cbf1e73759d195a9512a1cb82a46,60.0,25.0,40.0,,,,87.68240740740737,26.89111375661376,20.027792328042334,5,27.682407407407368,1.891113756613759,19.972207671957666
random_forest,146,test2\73,73,test2\73\test5886.arw,e7d0958d69d64839a2906cd6da2a07f4,110.0,10.0,20.0,,,,104.67605820105821,12.382342592592593,17.67814947089948,4,5.323941798941789,2.382342592592593,2.3218505291005194
random_forest,147,test2\74,74,test2\74\test5902.arw,815f74e55caaa4845e03cba1e0c77fff,110.0,10.0,20.0,,,,101.69247354497354,12.589687169312167,15.962796957671957,2,8.307526455026462,2.5896871693121675,4.037203042328043
random_forest,148,test2\75,75,test2\75\test5906.arw,a41318569aa35b60a4344bc1b7251d62,110.0,10.0,20.0,,,,100.93053571428565,13.735553571428566,16.459456349206352,5,9.069464285714346,3.735553571428566,3.540543650793648
random_forest,149,test2\76,76,test2\76\test5422.arw,7efb75dcaba11b9b802a2c0638cce6c9,100.0,20.0,20.0,,,,66.20797619047619,14.956921296296303,11.325019841269844,1,33.79202380952381,5.0430787037036975,8.674980158730156
random_forest,150,test2\77,77,test2\77\test5442.arw,d86a2afc021184b563927d059a0f68fb,100.0,20.0,20.0,,,,88.36123015873022,29.228619047619038,20.326553571428565,1,11.638769841269777,9.228619047619038,0.32655357142856545
random_forest,151,test2\78,78,test2\78\test5462.arw,7eaa77c281b15ec6e47fafe3fec7be71,100.0,20.0,20.0,,,,88.49811507936506,29.654236111111125,21.040781746031737,3,11.501884920634936,9.654236111111125,1.0407817460317368
random_forest,152,test2\79,79,test2\79\test4802.arw,26ef66b2aee62ae0baf598693965edf6,90.0,100.0,10.0,,,,87.77154761904762,21.961472883597892,15.409382936507939,3,2.228452380952376,78.03852711640211,5.409382936507939
random_forest,153,test2\80,80,test2\80\test4822.arw,f5d4eeddd523b7fdfe041a1de8291305,90.0,100.0,10.0,,,,87.10753968253965,33.073918650793665,22.930511904761914,5,2.8924603174603476,66.92608134920633,12.930511904761914
random_forest,154,test2\82,82,test2\82\test4311.arw,e911bb982c5cb467384870c1406dd149,80.0,15.0,0.0,,,,84.15422619047621,19.467468253968253,14.197242063492068,1,4.154226190476209,4.467468253968253,14.197242063492068
random_forest,155,test2\83,83,test2\83\test4315.arw,15b04cbeea9b729f02f0a4f0c89aa72b,80.0,15.0,0.0,,,,84.520582010582,16.359908730158736,10.298503968253966,4,4.520582010582004,1.359908730158736,10.298503968253966
random_forest,156,test2\84,84,test2\84\test4319.arw,2fc62283d58d8a2e499c01613c22d01b,80.0,15.0,0.0,,,,92.0440476190476,13.44824404761905,14.183154761904762,2,12.044047619047603,1.5517559523809492,14.183154761904762
random_forest,157,test2\85,85,test2\85\test3862.arw,2127739654af3c0512cb08fc46227c61,80.0,20.0,20.0,,,,81.75845238095235,22.068472222222226,16.411710317460322,5,1.758452380952349,2.0684722222222263,3.5882896825396777
random_forest,158,test2\86,86,test2\86\test3882.arw,baf18d3a6f3ae5bb2a45f7f409eac39a,80.0,20.0,20.0,,,,83.09183201058202,25.392703703703706,19.2912738095238,4,3.0918320105820243,5.392703703703706,0.7087261904761988
random_forest,159,test2\87,87,test2\87\test3902.arw,a47195aa09fb9f5359d96a68ffcc0fd4,80.0,20.0,20.0,,,,87.13025793650795,26.242075396825395,19.13507142857143,4,7.130257936507945,6.2420753968253955,0.864928571428571
random_forest,160,test2\88,88,test2\88\test3182.arw,a1b523d50814ec7da3ef2e65d01fe67d,80.0,20.0,20.0,,,,81.8888492063492,19.38541931216931,16.32721825396825,3,1.8888492063492066,0.6145806878306885,3.672781746031749
random_forest,161,test2\89,89,test2\89\test3202.arw,490485323d140926a1f91b7177a15bb1,80.0,20.0,20.0,,,,82.38023809523806,21.18516203703704,19.16263095238096,5,2.380238095238056,1.1851620370370384,0.8373690476190383
random_forest,162,test2\90,90,test2\90\test3206.arw,4e84a5be75f3cf41b09f7d6a929f15ac,80.0,20.0,20.0,,,,82.16880952380953,20.569831349206353,19.200396825396826,1,2.1688095238095286,0.5698313492063534,0.799603174603174
random_forest,163,test2\91,91,test2\91\test2032.arw,1c99e52282d970ac44b3e33026d7fa13,80.0,30.0,20.0,,,,81.87128968253964,21.8705615079365,17.793071428571423,5,1.87128968253964,8.1294384920635,2.206928571428577
random_forest,164,test2\92,92,test2\92\test2036.arw,441369019c5ddd6ebaef493da2d39217,80.0,30.0,20.0,,,,88.181626984127,23.01912103174605,14.622742063492064,3,8.181626984127007,6.9808789682539505,5.377257936507936
random_forest,165,test2\93,93,test2\93\test2040.arw,ec4ac8d8c380e36c74135f3386397a78,80.0,30.0,20.0,,,,90.05337301587302,22.485784391534402,13.34127380952381,4,10.05337301587302,7.514215608465598,6.658726190476189
random_forest,166,test2\94,94,test2\94\test1782.arw,31745d15974dc38f0874e265f196cc48,100.0,20.0,19.0,,,,98.04452380952382,26.431849206349202,23.86547204184702,1,1.9554761904761762,6.431849206349202,4.8654720418470205
random_forest,167,test2\95,95,test2\95\test1802.arw,5f91373801e082edc76cc1d9f87ca7da,100.0,20.0,19.0,,,,106.24434523809525,13.748525132275141,10.290146164021172,1,6.244345238095249,6.251474867724859,8.709853835978828
random_forest,168,test2\96,96,test2\96\test1822.arw,f552fc2ab6e0168a6037d52149c4a975,100.0,20.0,19.0,,,,96.99023809523807,30.414436507936493,25.91060173160173,2,3.0097619047619304,10.414436507936493,6.91060173160173
random_forest,169,test2\97,97,test2\97\test1425.arw,b58e6867d4a6c87781130455ab526140,100.0,20.0,30.0,,,,96.57055555555554,20.864468915343924,22.896499879749882,2,3.4294444444444565,0.8644689153439238,7.103500120250118
random_forest,170,test2\98,98,test2\98\test1429.arw,ca0f2386b4ad0e48c7f9ec415b01c31f,100.0,20.0,30.0,,,,96.6594841269841,21.40147222222223,24.561865079365084,5,3.340515873015903,1.4014722222222282,5.438134920634916
random_forest,171,test2\99,99,test2\99\test1433.arw,de03a8b34861b00678ccd7298095d56f,100.0,20.0,30.0,,,,92.4944642857143,18.548302910052904,18.98252976190476,3,7.505535714285699,1.4516970899470962,11.017470238095239
random_forest,172,test2\S2,S2,test2\S2\test1274.arw,fd74feba816b44c60caea928c6ab0908,100.0,100.0,50.0,,,,93.62230158730162,48.64212301587301,32.27771296296297,1,6.377698412698379,51.35787698412699,17.722287037037027
random_forest,173,test2\S3,S3,test2\S3\test1282.arw,83530ac895721f9c7bbe176522860177,100.0,100.0,50.0,,,,94.47771825396823,49.70434060846561,36.92324537037035,5,5.522281746031766,50.29565939153439,13.076754629629647
