sample_dir,group_root,sample_name,arw_path,arw_size,arw_md5,cdf_path,cdf_size,rpt_path,rpt_size,png_count,parameter_pngs,plot_pngs,unknown_pngs,status,arw_trace_points,arw_time_min,arw_time_max,arw_signal_min,arw_signal_max,arw_signal_range,arw_baseline_p05,arw_noise_early_mad,arw_main_peak_time,arw_width_above_1pct,arw_width_above_5pct,arw_integrated_peak_count,arw_integrated_area_sum,arw_integrated_max_height,rpt_trace_points,rpt_time_min,rpt_time_max,rpt_signal_min,rpt_signal_max,rpt_signal_range,rpt_baseline_p05,rpt_noise_early_mad,rpt_main_peak_time,rpt_width_above_1pct,rpt_width_above_5pct,rpt_integrated_peak_count,rpt_integrated_area_sum,rpt_integrated_max_height,target_peak_count,hmws_time,hmws_height,hmws_area,hmws_area_pct_norm,monomer_time,monomer_height,monomer_area,monomer_area_pct_norm,lmws_time,lmws_height,lmws_area,lmws_area_pct_norm,duplicate_group_size,duplicate_dirs
data\A1,data,A1,data\A1\Method3252.arw,67084,c7f4b8d0ca12473fbc74f9ab62c2965f,data\A1\Method3252.cdf,25512,data\A1\Method_m32_result_3289.rpt,65410,2,data\A1\04f59218-5b59-4434-9444-f646a63c8e41.png,data\A1\06da9426-ca9d-4235-b2ad-e831a54a913e.png,,ok,3000,0.0028125,9.999479,-5.233288e-05,0.3042557,0.30430803288,-4.887581e-05,3.6060815e-06,5.112813,0.5333329999999998,0.35666700000000073,0,0.0,0.0,3000,0.0028125,9.999479,0.0,100.0,100.0,0.001136043,0.001185015000000001,5.112813,0.5333329999999998,0.35666700000000073,3,51378.313019,0.304314,3,4.389747,0.0005783072,165.8623,0.32282550798945686,5.113978,0.304314,51204.25,99.66121305124278,6.115086,5.752986e-05,8.200719,0.015961440767756088,3,data\A1;data\A3;extra\42
data\A10,data,A10,data\A10\data7482.arw,201028,d0787d3c2d9a7a2057527678183a4bfe,data\A10\data7482.cdf,73660,data\A10\data_m32_result_7685.rpt,179200,2,data\A10\105c52a9-75dc-4943-89cc-492f52487f76.png,,data\A10\c8fdfb66-b60d-4beb-b362-f1d37b935090.png,ok,9000,0.0001041667,29.99677,-0.0004627705,0.1045935,0.1050562705,-0.0002304912,1.063943e-05,15.1701,10.043330000000001,9.42333,0,0.0,0.0,9000,0.0001041667,29.99677,0.0,100.0,100.0,0.2211,0.01012739999999998,15.1701,10.043330000000001,9.42333,6,55580.42628,0.1047213,0,,,,,,,,,,,,,1,
data\A11,data,A11,data\A11\data7622.arw,196504,05428fc7c249d2ad039d2a54696b6ed9,data\A11\data7622.cdf,73228,data\A11\data_m32_result_7689.rpt,181212,2,data\A11\89fb5ae9-a06e-4eb8-a472-61cc65067921.png,,data\A11\6cd66dfa-3673-473b-9de3-8ef98febe15e.png,ok,9000,0.003020833,29.99969,-0.000246644,0.1039328,0.10417944400000001,2.378226e-05,6.4373e-06,15.16302,9.536659999999998,1.09333,0,0.0,0.0,9000,0.003020833,29.99969,0.0,100.0,100.0,0.2595774,0.006179099999999993,15.16302,9.536659999999998,1.09333,6,54968.68758,0.1038753,0,,,,,,,,,,,,,1,
data\A12,data,A12,data\A12\data7602.arw,195353,39964f50efe61d14f679dd42c14c4bee,data\A12\data7602.cdf,73568,data\A12\data_m32_result_7688.rpt,170673,2,data\A12\7b1036ff-f04b-4e9b-9325-21c26c01d9a9.png,,data\A12\646c0e3f-5a8f-4495-83d3-234de5968902.png,ok,9000,0.0009375,29.9976,-0.0002563596,0.006663561,0.0069199206,1.972914e-05,6.139275000000001e-06,15.1776,13.37,9.393340000000002,0,0.0,0.0,9000,0.0009375,29.9976,0.0,100.0,100.0,3.989767,0.08871900000000021,15.1776,13.37,9.393340000000002,4,3537.11585,0.006626359,0,,,,,,,,,,,,,1,
data\A13,data,A13,data\A13\data6460.arw,195572,cd44b15b85bad10eddd6258bcff0eef4,data\A13\data6460.cdf,73656,data\A13\data_m32_result_6526.rpt,191781,2,data\A13\1485b2e3-c11c-413c-818b-c12990e1986e.png,,data\A13\e76c1b90-3eee-427d-a1a9-8d5b5af41650.png,ok,9000,0.0021875,29.99885,-5.960464e-07,0.2878027,0.28780329604640004,3.3348798000000026e-06,3.15905e-06,15.16885,9.17,1.0666700000000002,0,0.0,0.0,9000,0.0021875,29.99885,0.0,100.0,100.0,0.001365837500000001,0.001097641,15.16885,9.17,1.0666700000000002,6,144332.79061999999,0.2877797,0,,,,,,,,,,,,,1,
data\A14,data,A14,data\A14\data6468.arw,192892,0135ac349a165fd0b92af7127314d1a0,data\A14\data6468.cdf,73228,data\A14\data_m32_result_6528.rpt,189208,0,,,,missing_png|no_parameter_png_detected,9000,0.0007291667,29.9974,4.947186e-06,0.2857748,0.28576985281399997,1.007319e-05,2.95043e-06,15.1674,9.190000000000001,1.1133400000000009,0,0.0,0.0,9000,0.0007291667,29.9974,0.001731148,100.0,99.998268852,0.003524868,0.0010324319999999998,15.1674,9.190000000000001,1.1133400000000009,6,150734.02366,0.2857488,0,,,,,,,,,,,,,1,
data\A15,data,A15,data\A15\data6464.arw,196207,e76a7500eecfab8898241f17e4183c5a,data\A15\data6464.cdf,73708,data\A15\data_m32_result_6527.rpt,191484,2,data\A15\ec496b7b-3838-4d59-97de-1dbd8296f808.png,,data\A15\f77b6f18-542a-414c-abe8-449297c45a9b.png,ok,9000,0.0005208334,29.99719,-9.715558e-06,0.2964128,0.296422515558,-5.483628e-06,3.9339069e-06,15.16719,9.186670000000001,1.1066699999999994,0,0.0,0.0,9000,0.0005208334,29.99719,0.0,100.0,100.0,0.001427668,0.001327128,15.16719,9.186670000000001,1.1066699999999994,7,156550.8462,0.2963904,0,,,,,,,,,,,,,1,
data\A16,data,A16,data\A16\data5511.arw,198916,d8e2680022379b1fe5a8f9dbff7f1937,data\A16\data5511.cdf,73760,data\A16\data_m32_result_5651.rpt,185367,2,data\A16\55f00973-f5fc-4c69-bfea-230a2595facf.png,,data\A16\f2c21858-dc07-4b3f-8fd1-871c77554093.png,ok,9000,0.001145833,29.99781,-0.0002200604,0.2214316,0.2216516604,-0.00019270478,8.195635000000002e-06,16.58115,10.546669999999999,1.4600000000000009,0,0.0,0.0,9000,0.001145833,29.99781,0.0,100.0,100.0,0.012341685500000001,0.003697524999999993,16.58115,10.546669999999999,1.4600000000000009,8,145137.53660000002,0.2215244,0,,,,,,,,,,,,,1,
data\A17,data,A17,data\A17\data5515.arw,198657,07d3992e13f5ef7d747e0e6d614763dc,data\A17\data5515.cdf,73760,data\A17\data_m32_result_5652.rpt,184990,2,data\A17\54f3f70d-1a2a-4376-95a2-838b5c1b2c90.png,,data\A17\f4b85cc4-81e7-4b57-a66d-653f979334dc.png,ok,9000,0.001354167,29.99802,-0.0002353788,0.2285318,0.2287671788,-0.0001904965,7.301569999999999e-06,16.58469,10.516670000000001,1.4633299999999991,0,0.0,0.0,9000,0.001354167,29.99802,0.0,100.0,100.0,0.0196192,0.003191704999999996,16.58469,10.516670000000001,1.4633299999999991,8,149598.84329999998,0.2286092,0,,,,,,,,,,,,,1,
data\A18,data,A18,data\A18\data5519.arw,197076,a7105e490fae7ef020cbea7343b55092,data\A18\data5519.cdf,73712,data\A18\data_m32_result_5653.rpt,182116,2,data\A18\20955b56-b84c-4781-a805-de308717cea8.png,,data\A18\fdd09dba-97bf-4d06-b800-c1e8c3dcaf31.png,ok,9000,0.0015625,29.99823,-0.0002785325,0.2145842,0.21486273250000001,-0.00019777118,9.566545000000002e-06,16.58823,10.52334,1.4866700000000002,0,0.0,0.0,9000,0.0015625,29.99823,0.0,100.0,100.0,0.037587383,0.004452350000000001,16.58823,10.52334,1.4866700000000002,7,141166.58942,0.2146821,0,,,,,,,,,,,,,1,
data\A19,data,A19,data\A19\data2402.arw,198236,ae4054190b545528ff66e24953c16f52,data\A19\data2402.cdf,73712,data\A19\data_m32_result_2527.rpt,187911,2,data\A19\8474c41e-ded8-4d23-96ba-8d2380af34b3.png,,data\A19\4d89843f-562f-46a9-bd0f-6da5093f0b3b.png,ok,9000,0.002604167,29.99927,-7.033348e-05,0.2536476,0.25371793348,-6.40779705e-05,4.5001500000000004e-06,16.5226,10.243329999999998,1.3033300000000025,0,0.0,0.0,9000,0.002604167,29.99927,0.0,100.0,100.0,0.002465536350000001,0.0017736850000000005,16.5226,10.243329999999998,1.3033300000000025,7,154942.83473,0.2536844,0,,,,,,,,,,,,,1,
data\A2,data,A2,data\A2\Method3222.arw,65538,f5516fe163485d0e2572d97e53df5ed9,data\A2\Method3222.cdf,25512,data\A2\Method_m32_result_3286.rpt,66378,2,data\A2\f825f862-7976-4fd2-959a-b6fcf9619311.png,data\A2\9422e327-52a2-4b03-a2a2-81d67eb4a41e.png,,ok,3000,0.0003125,9.996979,-2.384186e-06,0.2984087,0.29841108418600004,7.152558e-07,2.3841800000000003e-06,5.116979,0.5533329999999994,0.37333399999999983,0,0.0,0.0,3000,0.0003125,9.996979,0.0,100.0,100.0,0.001038648,0.0007989600000000005,5.116979,0.5533329999999994,0.37333399999999983,3,51141.32926,0.2984516,3,4.397648,0.0005633514,166.6472,0.3258562153376457,5.118248,0.2984516,50952.87,99.63149323115579,6.125752,8.76822e-05,21.81206,0.042650553506555444,2,data\A2;extra\39
data\A20,data,A20,data\A20\data2440.arw,199115,0e077787bf9beaa7ae4d21237b369f22,data\A20\data2440.cdf,73664,data\A20\data_m32_result_2528.rpt,189773,2,data\A20\02bf27e3-9035-4a42-b536-43b7225995fc.png,,data\A20\77d32cb7-82aa-458a-9f83-f90989f9b47a.png,ok,9000,0.001145833,29.99781,-4.464388e-05,0.2566655,0.25671014387999996,-3.868342e-05,4.23193e-06,16.53115,10.209999999999999,1.3000000000000007,0,0.0,0.0,9000,0.001145833,29.99781,0.0,100.0,100.0,0.002321866,0.0016485249999999996,16.53115,10.209999999999999,1.3000000000000007,6,155324.32472,0.2566496,0,,,,,,,,,,,,,1,
data\A21,data,A21,data\A21\data2462.arw,197858,cedaa284675b80e74e8d7535563a410b,data\A21\data2462.cdf,73712,data\A21\data_m32_result_2529.rpt,189689,2,data\A21\db79b6d5-813e-42ef-9798-4c725b838f3f.png,,data\A21\3b15ea15-02e4-4ccf-9dcb-320569673131.png,ok,9000,0.001354167,29.99802,-3.600121e-05,0.2561508,0.25618680121000004,-2.956391e-05,3.1590463000000004e-06,16.53469,10.21,1.3000000000000007,0,0.0,0.0,9000,0.001354167,29.99802,0.0,100.0,100.0,0.002512737,0.0012331000000000009,16.53469,10.21,1.3000000000000007,7,154913.58417999998,0.2561434,0,,,,,,,,,,,,,1,
data\A3,data,A3,data\A3\Method3252.arw,67084,c7f4b8d0ca12473fbc74f9ab62c2965f,data\A3\Method3252.cdf,25512,data\A3\Method_m32_result_3289.rpt,65410,2,data\A3\04f59218-5b59-4434-9444-f646a63c8e41.png,data\A3\06da9426-ca9d-4235-b2ad-e831a54a913e.png,,ok,3000,0.0028125,9.999479,-5.233288e-05,0.3042557,0.30430803288,-4.887581e-05,3.6060815e-06,5.112813,0.5333329999999998,0.35666700000000073,0,0.0,0.0,3000,0.0028125,9.999479,0.0,100.0,100.0,0.001136043,0.001185015000000001,5.112813,0.5333329999999998,0.35666700000000073,3,51378.313019,0.304314,3,4.389747,0.0005783072,165.8623,0.32282550798945686,5.113978,0.304314,51204.25,99.66121305124278,6.115086,5.752986e-05,8.200719,0.015961440767756088,3,data\A1;data\A3;extra\42
data\A4,data,A4,data\A4\Method2160.arw,67379,d9cccb2c090bcba4e218364a847260f8,data\A4\Method2160.cdf,25232,data\A4\Method_m32_result_2236.rpt,66491,2,data\A4\432f87be-e397-4328-9cb9-49a17b2bfa64.png,data\A4\599f9f0b-5d9b-4e4b-b7bf-6c89ff26e92d.png,,ok,3000,0.002604167,9.99927,-2.533198e-05,0.2888411,0.28886643198,-2.169609e-05,1.4007100000000007e-06,4.922604,0.5766670000000005,0.3700000000000001,0,0.0,0.0,3000,0.002604167,9.99927,0.0,100.0,100.0,0.001258673,0.00048489849999999984,4.922604,0.5766670000000005,0.3700000000000001,3,50709.47757,0.2888901,3,4.223415,0.0004918479,111.1882,0.219265126221256,4.473894,0.0002760621,42.48937,0.08378980032154174,4.923919,0.2888901,50555.8,99.6969450734572,2,data\A4;extra\66
data\A5,data,A5,data\A5\Method3242.arw,0,d41d8cd98f00b204e9800998ecf8427e,data\A5\Method3242.cdf,25228,data\A5\Method_m32_result_3287.rpt,63541,2,data\A5\942b2fde-d2c1-4b2d-a6aa-3d4f58f150c2.png,data\A5\15fdd3b8-82f1-4972-ab3c-1d0c1857ee7c.png,,bad_arw,0,,,,,,,,,,,,,,3000,0.003229167,9.999896,0.0,100.0,100.0,0.001640781,0.0011719850000000013,5.086563,4.7066669999999995,4.3833340000000005,3,48294.24883,0.2796996,3,4.371362,0.0006854129,208.6693,0.43207898467275946,5.086133,0.2796996,48063.02,99.52120835171505,6.080941,0.0001033936,22.55953,0.046712663612206766,6,data\A5;extra\38;extra\40;extra\41;extra\44;extra\63
data\A6,data,A6,data\A6\Method2226.arw,65692,26c546e2c4c7bd10654da065c4fc0c8c,data\A6\Method2226.cdf,25520,data\A6\Method_m32_result_2239.rpt,66294,2,data\A6\1ea2adaf-fa3a-422e-b30d-0d210f05ceb1.png,data\A6\0f2ca32b-2a4e-460e-a368-40ed1d09c8b3.png,,ok,3000,0.001145833,9.997812,-5.841256e-06,0.2893651,0.289370941256,-1.072884e-06,1.0728799999999998e-06,4.924479,0.5766660000000003,0.3699999999999992,0,0.0,0.0,3000,0.001145833,9.997812,0.0,100.0,100.0,0.001647841,0.000370764,4.924479,0.5766660000000003,0.3699999999999992,3,50598.517069999994,0.2893678,3,4.223661,0.0004814095,110.4092,0.21820639495670502,4.477485,0.0002697295,40.08787,0.07922736143539712,4.923502,0.2893678,50448.02,99.7025662436079,2,data\A6;extra\69
data\A7,data,A7,data\A7\data8022.arw,193822,ca01f036902a1aa58261b9e0e8958e88,data\A7\data8022.cdf,73664,data\A7\data_m32_result_8200.rpt,184668,2,data\A7\ff37e3c5-09eb-4793-9462-71adf1bb55f2.png,data\A7\9f931791-edd7-4424-a2c4-20478d647680.png,,ok,9000,0.003229167,29.9999,-0.0002417565,0.2842368,0.28447855650000003,1.609326e-06,1.3709079999999992e-06,15.12656,1.59333,1.08,0,0.0,0.0,9000,0.003229167,29.9999,0.0,100.0,100.0,0.08554801,0.0004819000000000073,15.12656,1.59333,1.08,6,143851.73299000002,0.2842198,0,,,,,,,,,,,,,1,
data\A8,data,A8,data\A8\data8042.arw,195650,6b86bb8e26f0cfb4d50b752478beb5fc,data\A8\data8042.cdf,73712,data\A8\data_m32_result_8201.rpt,181732,2,data\A8\b7710e2b-31c2-429d-bd18-2e14e420d7fe.png,,data\A8\6c6c468f-425a-4281-8f7d-d14bca44c3ff.png,ok,9000,0.001979167,29.99865,-0.000264287,0.2792494,0.27951368699999996,2.628565e-05,1.1324900000000024e-06,15.12865,1.5899999999999999,1.07667,0,0.0,0.0,9000,0.001979167,29.99865,0.0,100.0,100.0,0.1039565,0.00040520000000000833,15.12865,1.5899999999999999,1.07667,7,141166.7449,0.2792152,0,,,,,,,,,,,,,1,
data\A9,data,A9,data\A9\data8062.arw,195790,3e7efdc2f824315dd1ac2d2576187013,data\A9\data8062.cdf,73664,data\A9\data_m32_result_8202.rpt,181547,2,data\A9\d006975f-865f-4df7-a10b-416040159371.png,,data\A9\62034378-4a51-40c8-a1ca-565ab82434aa.png,ok,9000,0.0005208334,29.99719,-0.0003307462,0.2916394,0.2919701462,1.549721e-06,1.4305200000000007e-06,15.12719,1.5866700000000016,1.07667,0,0.0,0.0,9000,0.0005208334,29.99719,0.0,100.0,100.0,0.1138116,0.0004900000000000043,15.12719,1.5866700000000016,1.07667,6,147218.932693,0.2916283,0,,,,,,,,,,,,,1,
data\B1,data,B1,data\B1\data12696.arw,66623,6a5c53cc7e8a01383346b0d46641d97b,data\B1\data12696.cdf,25616,data\B1\data_m32_result_12865.rpt,64389,1,data\B1\319f0c5a-7b7d-4cb3-adb6-bb509b0e36e7.png,,,ok,3000,0.0005208334,9.997188,-5.966425e-05,0.1620367,0.16209636425,-5.40644e-05,2.771610000000003e-06,4.793854,1.8766660000000002,1.0833330000000005,0,0.0,0.0,3000,0.0005208334,9.997188,0.0,100.0,100.0,0.003454645450000001,0.0017098549999999997,4.793854,1.8766660000000002,1.0833330000000005,5,41680.427410000004,0.1620556,5,3.756395,0.003012629,1053.589,2.52777878123971,4.106571,0.009218691,2973.339,7.133657653632013,4.795164,0.1620556,37165.89,89.16868734192283,1,
data\B10,data,B10,data\B10\data1533.arw,198735,2df05dfb2bf0c46069fc2c234da40c22,data\B10\data1533.cdf,73664,data\B10\data_m32_result_2246.rpt,185013,2,data\B10\8da600e9-bb95-46ba-9cdf-538f9af92084.png,,data\B10\a1c7324a-0d54-4a19-bc7d-814a322c2ea5.png,ok,9000,0.0015625,29.99823,-0.0001074672,0.2029543,0.2030617672,-6.729364e-05,1.3709100000000014e-06,16.3649,4.356670000000001,1.4499999999999975,0,0.0,0.0,9000,0.0015625,29.99823,0.0,100.0,100.0,0.0197839,0.0006751200000000013,16.3649,4.356670000000001,1.4499999999999975,6,139280.67109999998,0.202996,0,,,,,,,,,,,,,1,
data\B11,data,B11,data\B11\data1537.arw,199233,1552cb1626137afb9a83b9da6511e8fd,data\B11\data1537.cdf,73664,data\B11\data_m32_result_2247.rpt,185057,2,data\B11\bc5c6613-95c4-43f7-ba4d-84c8645c2712.png,,data\B11\441420a7-e3a8-48db-b23b-4eb6fc828cba.png,ok,9000,0.001770833,29.99844,-0.0001193285,0.2052375,0.20535682849999998,-5.227328e-05,3.9041000000000004e-06,16.36844,4.1899999999999995,1.4333299999999998,0,0.0,0.0,9000,0.001770833,29.99844,0.0,100.0,100.0,0.03265304,0.0019011349999999982,16.36844,4.1899999999999995,1.4333299999999998,6,136630.259,0.2052865,0,,,,,,,,,,,,,1,
data\B12,data,B12,data\B12\data1541.arw,197831,6878a0f335fd0ef48ab5d8c7106d114e,data\B12\data1541.cdf,73664,data\B12\data_m32_result_2248.rpt,187762,2,data\B12\d42d5a7f-7958-4d23-bd05-40ea9fbe6ee8.png,,data\B12\0ada181a-fdf9-45ef-8862-34ab7ee62bab.png,ok,9000,0.0005208334,29.99719,-7.158518e-05,0.2192952,0.21936678518,-4.053116e-06,1.37090736e-06,16.37385,2.9066600000000005,1.4299999999999997,0,0.0,0.0,9000,0.0005208334,29.99719,0.0,100.0,100.0,0.030785,0.0006249399999999974,16.37385,2.9066600000000005,1.4299999999999997,6,139591.20369999998,0.2192793,0,,,,,,,,,,,,,1,
data\B13,data,B13,data\B13\data1222.arw,196034,eebd04850bbee96160e0df957162b768,data\B13\data1222.cdf,73664,data\B13\data_m32_result_1408.rpt,187012,2,data\B13\d19428fe-4f67-4f47-bfe6-8af69b1d4535.png,,data\B13\ff71f823-1af2-4c41-9ee0-9958e07b2db0.png,ok,9000,0.002395833,29.99906,-4.929304e-05,0.2141874,0.21423669304,-4.529953e-05,5.602838e-06,16.28906,5.609999999999999,1.3633300000000013,0,0.0,0.0,9000,0.002395833,29.99906,0.0,100.0,100.0,0.001864065,0.002615250000000003,16.28906,5.609999999999999,1.3633300000000013,6,146749.9609,0.2142028,0,,,,,,,,,,,,,1,
data\B14,data,B14,data\B14\data1242.arw,195692,53c07954455e19e3c74ea1620f4dfb04,data\B14\data1242.cdf,73616,data\B14\data_m32_result_1409.rpt,187259,2,data\B14\b69448c6-a3ef-40c2-a0fa-4385692fb8f2.png,,data\B14\2b85f569-a371-438c-b33f-9d41cb9fbfcd.png,ok,9000,0.0009375,29.9976,-2.765656e-05,0.1977747,0.19780235656,-2.336502e-05,4.11272e-06,16.28094,8.466669999999999,1.376669999999999,0,0.0,0.0,9000,0.0009375,29.9976,0.0,100.0,100.0,0.002169607,0.0020792069999999996,16.28094,8.466669999999999,1.376669999999999,5,135551.54400000002,0.1977598,0,,,,,,,,,,,,,1,
data\B15,data,B15,data\B15\data1262.arw,198566,1cf2ff3399bccabdc44a756f72e87b24,data\B15\data1262.cdf,73616,data\B15\data_m32_result_1410.rpt,190557,2,data\B15\b43ed423-d8b1-4fe3-86dc-6219e7d288cb.png,,data\B15\6714efe2-0896-4efa-8d06-bd3cb70fc37c.png,ok,9000,0.0028125,29.99948,-4.428625e-05,0.2192028,0.21924708625,-4.094839e-05,3.42727e-06,16.29615,3.943340000000001,1.3633300000000013,0,0.0,0.0,9000,0.0028125,29.99948,0.0,100.0,100.0,0.00152242,0.0015632009999999993,16.29615,3.943340000000001,1.3633300000000013,5,145778.1469,0.2192122,0,,,,,,,,,,,,,1,
data\B2,data,B2,data\B2\Method2762.arw,66114,e8a33a6d0ef483bdd4a5ce8269c57e29,data\B2\Method2762.cdf,25232,data\B2\Method_m32_result_2850.rpt,63925,2,data\B2\2dd0231a-70a3-494a-9371-7fded0bacf04.png,data\B2\871cf3ed-527c-44b9-898b-f7c59267df01.png,,ok,3000,0.001145833,9.997812,-7.224083e-05,0.2011525,0.20122474083,-9.655953e-06,8.940694999999999e-07,4.964479,1.6400009999999998,1.0166659999999998,0,0.0,0.0,3000,0.001145833,9.997812,0.0,100.0,100.0,0.03110199,0.00044431999999999805,4.964479,1.6400009999999998,1.0166659999999998,4,46252.29355,0.2011455,4,3.93052,0.004155353,1279.675,2.7667276620923373,4.280543,0.02249154,4759.308,10.289885397477764,4.965739,0.2011455,40193.11,86.89971224140515,2,data\B2;extra\47
data\B3,data,B3,data\B3\testdata1078.arw,196577,49b895448d7d774ddbfa75ea9d7ca593,data\B3\testdata1078.cdf,73232,data\B3\testdata_m32_result_1174.rpt,187391,1,data\B3\5eec6999-0c65-4730-82ef-b78df5d4468d.png,,,ok,9000,0.0001041667,29.99677,-3.618002e-05,0.1615226,0.16155878002,-3.147125e-05,2.980240000000002e-06,13.02677,3.7799999999999994,3.3066700000000004,0,0.0,0.0,9000,0.0001041667,29.99677,0.0,100.0,100.0,0.002914585,0.0018446754999999994,13.02677,3.7799999999999994,3.3066700000000004,6,157168.07150000002,0.1615302,0,,,,,,,,,,,,,2,data\B3;extra\HT LL 1
data\B4,data,B4,data\B4\Method2802.arw,65227,36de87f0cc14b5c5c2eaee9439a4f944,data\B4\Method2802.cdf,25232,data\B4\Method_m32_result_2852.rpt,65104,2,data\B4\fe1e28ea-e50d-4bc6-8973-2bea98d56121.png,data\B4\cb4eb738-5b84-4604-b151-a882eb350945.png,,ok,3000,0.003020833,9.999687,-2.443791e-06,0.1852731,0.185275543791,-1.192093e-07,1.8179424999999998e-06,4.966354,1.7233340000000004,1.0366670000000004,0,0.0,0.0,3000,0.003020833,9.999687,0.0,100.0,100.0,0.001254662,0.0009812099999999997,4.966354,1.7233340000000004,1.0366670000000004,3,44748.939,0.185219,3,3.929644,0.005731932,1692.604,3.7824449871314267,4.279767,0.02997096,6339.305,14.166380570497996,4.966341,0.185219,36717.03,82.05117444237058,2,data\B4;extra\49
data\B5,data,B5,data\B5\Method2806.arw,65058,f785234c750dbd96496ce627b5fec034,data\B5\Method2806.cdf,25520,data\B5\Method_m32_result_2853.rpt,65141,2,data\B5\d249aafa-9327-475d-96e6-a9b6973912d1.png,data\B5\1c5f920f-b8d2-4b87-b735-b318e00a8d8c.png,,ok,3000,0.003020833,9.999687,1.072884e-06,0.1934593,0.193458227116,3.695488e-06,1.5497189999999996e-06,4.966354,1.7033329999999998,1.0366670000000004,0,0.0,0.0,3000,0.003020833,9.999687,0.0005545783,100.0,99.9994454217,0.001910214,0.0008010580000000003,4.966354,1.7033329999999998,1.0366670000000004,3,46561.478,0.1934119,3,3.927405,0.005976936,1692.017,3.633941774786445,4.279942,0.03186901,6585.601,14.143883061444054,4.966718,0.1934119,38283.86,82.22217516376949,2,data\B5;extra\50
data\B6,data,B6,data\B6\Method2202.arw,65246,46caf46e7a61846823a971d1d852b54f,data\B6\Method2202.cdf,25664,data\B6\Method_m32_result_2237.rpt,63765,2,data\B6\d409fe14-4f2a-4a27-a8ab-56e735d418d3.png,data\B6\2d98fb03-3315-4e04-bfe6-bd236e33b615.png,,ok,3000,0.002604167,9.99927,-0.0001330972,0.2020035,0.2021365972,-2.980232e-07,1.132488e-06,4.935937,1.6099989999999997,1.0,0,0.0,0.0,3000,0.002604167,9.99927,0.0,100.0,100.0,0.06569773,0.000560259999999993,4.935937,1.6099989999999997,1.0,6,45742.863777000006,0.201917,5,3.286287,4.320345e-05,6.014907,0.013152874229221968,3.943625,0.005641777,1415.667,3.0956571733295255,4.271536,0.03165743,6440.367,14.083233064290374,2,data\B6;extra\67
data\B7,data,B7,data\B7\testdata1082.arw,196229,b2c571b076ddcaa1eeff232870ed6e54,data\B7\testdata1082.cdf,73232,data\B7\testdata_m32_result_1172.rpt,189767,1,data\B7\b809eb23-3cf6-42d7-af44-f1c7a3987b06.png,,,ok,9000,0.0005208334,29.99719,-5.90086e-06,0.1649609,0.16496680085999998,-2.801419e-06,2.86102e-06,13.03052,3.76666,3.3166700000000002,0,0.0,0.0,9000,0.0005208334,29.99719,0.0,100.0,100.0,0.001878827,0.001734299,13.03052,3.76666,3.3166700000000002,6,162171.82040000003,0.1649315,0,,,,,,,,,,,,,2,data\B7;extra\HT LL 2
data\B8,data,B8,data\B8\exp1562.arw,66241,376e46868cc1c3dc7d7852259e13a1c7,data\B8\exp1562.cdf,25228,data\B8\exp_m32_result_1610.rpt,64449,1,data\B8\fe723e1c-dfca-4700-bb58-cfbe9043484e.png,,,ok,3000,0.001354167,9.998021,-7.891656e-05,0.1910962,0.19117511656,-7.224083e-05,3.7848950000000013e-06,5.271354,1.2033329999999998,0.4366669999999999,0,0.0,0.0,3000,0.001354167,9.998021,0.0,100.0,100.0,0.003491944,0.0019798049999999994,5.271354,1.2033329999999998,0.4366669999999999,4,41948.08467,0.1910761,4,3.313508,0.0005080064,172.3282,0.4108130355788185,4.698367,0.006053979,1647.323,3.927051766389982,5.272863,0.1910761,40054.06,95.4848363521242,2,data\B8;extra\D1
data\B9,data,B9,data\B9\exp1542.arw,66937,6a29bee1131b08a476e68bdec7f9c42b,data\B9\exp1542.cdf,25232,data\B9\exp_m32_result_1609.rpt,64185,1,data\B9\9e5c3b03-05e8-41b7-9878-8188074a3b50.png,,,ok,3000,0.001145833,9.997812,-8.928777e-05,0.2097849,0.20987418777,-7.701219e-05,5.096195e-06,5.271146,1.2000000000000002,0.4333329999999993,0,0.0,0.0,3000,0.001145833,9.997812,0.0,100.0,100.0,0.005849016,0.002428219999999995,5.271146,1.2000000000000002,0.4333329999999993,4,45884.082729999995,0.2097316,4,3.306286,0.0002192385,61.87638,0.13485369286797116,4.697651,0.006779016,1828.298,3.984601829698601,5.27133,0.2097316,43909.82,95.69728190575948,2,data\B9;extra\D2
data\BC1,data,BC1,data\BC1\data12782.arw,65628,bb6b6842998d6dc5ef8dfe8d9173de98,data\BC1\data12782.cdf,25616,data\BC1\data_m32_result_12870.rpt,62562,1,data\BC1\0980e054-7877-4002-bca3-8b66fc2d9a88.png,,,ok,3000,0.002604167,9.99927,-3.010035e-05,0.07558602,0.07561612035000001,-2.640486e-05,2.205372e-06,5.155938,4.306666,2.4533329999999998,0,0.0,0.0,3000,0.002604167,9.99927,0.0,100.0,100.0,0.004887169,0.0029165350000000013,5.155938,4.306666,2.4533329999999998,5,52902.710300000006,0.07535897,5,3.367368,0.005984748,2803.203,5.298789011193628,4.081495,0.003775946,1765.311,3.336900869519345,5.155975,0.07535897,48079.79,90.8834154759742,1,
data\BC10,data,BC10,data\BC10\data1079.arw,195108,2eb5a6c4c922ddbd4f04cc3769dc8bce,data\BC10\data1079.cdf,73664,data\BC10\data_m32_result_1113.rpt,185672,2,data\BC10\41c82bc4-c81d-4043-9687-72a7ad7468a9.png,,data\BC10\d79bde7f-627f-484b-9981-9de432c87c28.png,ok,9000,0.001770833,29.99844,-2.193451e-05,0.1552682,0.15529013450999998,-1.889467e-05,3.576279e-06,16.32177,7.526670000000001,6.463329999999999,0,0.0,0.0,9000,0.001770833,29.99844,0.0,100.0,100.0,0.001957522,0.0023029620000000004,16.32177,7.526670000000001,6.463329999999999,6,134616.7292,0.1552447,0,,,,,,,,,,,,,1,
data\BC11,data,BC11,data\BC11\data1083.arw,195321,28c37ae16a2d70f78db3e725a068c660,data\BC11\data1083.cdf,73664,data\BC11\data_m32_result_1114.rpt,188048,2,data\BC11\85854d15-a252-4fc8-9a48-d10999227697.png,,data\BC11\0ee9ebc5-2ed0-4e8b-af12-2223662da81f.png,ok,9000,0.001979167,29.99865,-8.583069e-06,0.1705055,0.170514083069,-4.470348e-06,1.8477439999999996e-06,16.31865,9.066670000000002,6.636669999999999,0,0.0,0.0,9000,0.001979167,29.99865,0.0,100.0,100.0,0.002411954,0.0010836309999999998,16.31865,9.066670000000002,6.636669999999999,6,147730.8427,0.1704707,0,,,,,,,,,,,,,1,
data\BC2,data,BC2,data\BC2\Method1066.arw,66991,8744fcb5bd719e42e44c0d588c97810f,data\BC2\Method1066.cdf,25568,data\BC2\Method_m32_result_1092.rpt,61776,2,data\BC2\391e9b57-93e5-46b0-8bd1-bb41000827ad.png;data\BC2\f45d0c81-9208-4f5d-98d5-6de6f4ecd420.png,,,ok,3000,0.002604167,9.99927,-0.0003469587,0.1952111,0.1955580587,-0.00012356337999999998,2.920624999999999e-06,5.095938,1.6833329999999997,1.0,0,0.0,0.0,3000,0.002604167,9.99927,0.0,100.0,100.0,0.114234775,0.0014934499999999934,5.095938,1.6833329999999997,1.0,4,42995.0534,0.1952694,4,4.037598,0.005619854,1446.464,3.3642567821534555,4.397561,0.03089488,5865.039,13.641194826379724,5.096428,0.1952694,35457.08,82.46781244839667,2,data\BC2;extra\98
data\BC3,data,BC3,data\BC3\Method4614.arw,66350,d852450fad47f348339c6f44e213c6d3,data\BC3\Method4614.cdf,25664,data\BC3\Method_m32_result_4635.rpt,64421,1,data\BC3\7b5ec85f-c14a-47da-88ec-2f78ba49198c.png,,,ok,3000,0.0005208334,9.997188,-0.0001142025,0.2215011,0.2216153025,-4.577637e-05,2.29478e-06,5.010521,1.6633330000000002,0.966666,0,0.0,0.0,3000,0.0005208334,9.997188,0.0,100.0,100.0,0.03087608,0.0010354799999999983,5.010521,1.6633330000000002,0.966666,6,46807.05694000001,0.2215025,6,3.975228,0.005806717,1507.67,3.2210313968951705,4.322619,0.03207836,5935.719,12.681248059686276,5.011285,0.2215025,38480.96,82.21187683157932,2,data\BC3;extra\jian1
data\BC4,data,BC4,data\BC4\Method4610.arw,66129,2404c366417c95d45d8f5a8eea4002d3,data\BC4\Method4610.cdf,25616,data\BC4\Method_m32_result_4634.rpt,64211,1,data\BC4\683bfe48-ffc3-4198-8891-a08383f600ff.png,,,ok,3000,0.0021875,9.998855,-0.0001103878,0.2129923,0.2131026878,-4.48823e-05,2.8610249999999986e-06,5.012187,1.673334,0.9700000000000006,0,0.0,0.0,3000,0.0021875,9.998855,0.0,100.0,100.0,0.03073894,0.0013425549999999987,5.012187,1.673334,0.9700000000000006,5,45440.300540000004,0.2129818,5,3.976436,0.00603644,1558.996,3.430866392768801,4.322966,0.03274724,6104.421,13.433936236021205,5.011676,0.2129818,36951.37,81.3184982512882,2,data\BC4;extra\jian2
data\BC5,data,BC5,data\BC5\Method4606.arw,67106,f33be1402f9dd450a73698fe3989ca8d,data\BC5\Method4606.cdf,25616,data\BC5\Method_m32_result_4633.rpt,64187,1,data\BC5\fd1049ba-6d52-4608-b8be-cca8812d5615.png,,,ok,3000,0.0003125,9.996979,-0.0001479983,0.2246202,0.2247681983,-8.177758e-05,2.1755695e-06,5.013646,1.6766670000000001,0.9666670000000002,0,0.0,0.0,3000,0.0003125,9.996979,0.0,100.0,100.0,0.02946179,0.0009679150000000032,5.013646,1.6766670000000001,0.9666670000000002,5,48240.69697,0.2246648,5,3.978531,0.006487387,1647.273,3.4146956894598945,4.323944,0.03505819,6585.64,13.651626973995604,5.01253,0.2246648,39120.71,81.0948275152999,2,data\BC5;extra\jian3
data\BC6,data,BC6,data\BC6\data4584.arw,195920,3b48fbe79d06f41103727d5774d317da,data\BC6\data4584.cdf,73664,data\BC6\data_m32_result_5046.rpt,185247,2,data\BC6\79234881-8616-4868-bd9d-dec7815a5b2d.png,,data\BC6\0f7e35ac-f361-41b5-999a-39c0f09c7dfd.png,ok,9000,0.003229167,29.9999,-9.214879e-05,0.2345535,0.23464564879,-8.726121e-05,1.3589859999999999e-05,16.67323,12.233329999999999,1.4766699999999986,0,0.0,0.0,9000,0.003229167,29.9999,0.0,100.0,100.0,0.002082962,0.005791649999999999,16.67323,12.233329999999999,1.4766699999999986,6,164394.33990000002,0.2345246,0,,,,,,,,,,,,,1,
data\BC7,data,BC7,data\BC7\data4592.arw,197922,4e29bdb33bd70ac5989fc163a8431308,data\BC7\data4592.cdf,73664,data\BC7\data_m32_result_5047.rpt,187102,2,data\BC7\4709344d-edff-4888-ac5f-7323137e5521.png,,data\BC7\34606c95-1d2a-47d0-ada1-6b3c90274b73.png,ok,9000,0.001354167,29.99802,-0.0001004934,0.223032,0.22313249340000002,-9.649993e-05,1.3113020000000003e-05,16.67802,12.24667,1.4800000000000004,0,0.0,0.0,9000,0.001354167,29.99802,0.0,100.0,100.0,0.001789749,0.00587679,16.67802,12.24667,1.4800000000000004,6,156430.0258,0.2230141,0,,,,,,,,,,,,,1,
data\BC8,data,BC8,data\BC8\data4600.arw,198616,60a35ec7ce2ad6c0e590efb6585ae5b5,data\BC8\data4600.cdf,73664,data\BC8\data_m32_result_5048.rpt,186525,2,data\BC8\c009c43d-78d4-425a-85f6-734fdec185d6.png,,data\BC8\bb97e18a-b734-4041-b33f-6274663b13b7.png,ok,9000,0.001145833,29.99781,-0.000128448,0.192025,0.192153448,-0.000123024,8.58307e-06,16.67781,12.250000000000002,1.4766699999999986,0,0.0,0.0,9000,0.001145833,29.99781,0.0,100.0,100.0,0.002822756,0.00446678,16.67781,12.250000000000002,1.4766699999999986,6,134727.52009999997,0.1920582,0,,,,,,,,,,,,,1,
data\BC9,data,BC9,data\BC9\data1075.arw,191217,a296c47b3f731bba032b36dd4452ea48,data\BC9\data1075.cdf,73664,data\BC9\data_m32_result_1112.rpt,185993,2,data\BC9\46b6e196-9a2a-46fd-a9c7-a3eccdd2c1a6.png,,data\BC9\c215a206-caa6-4947-a0f8-ecc4467b987e.png,ok,9000,0.0015625,29.99823,5.960465e-06,0.1944344,0.194428439535,1.0252e-05,1.490120000000001e-06,16.32156,9.006669999999998,6.460000000000001,0,0.0,0.0,9000,0.0015625,29.99823,0.003065541,100.0,99.996934459,0.005272731,0.0007663850000000005,16.32156,9.006669999999998,6.460000000000001,6,168929.47599999997,0.1943662,0,,,,,,,,,,,,,1,
data\BE1,data,BE1,data\BE1\Method2722.arw,65157,d7baa434452f73a496d8fcbe08f80c37,data\BE1\Method2722.cdf,25568,data\BE1\Method_m32_result_2848.rpt,64474,2,data\BE1\0602c459-eb3d-42e4-94dc-0c3afdf03d8d.png,data\BE1\86468d52-6e6b-47d6-8954-14e1e4482224.png,,ok,3000,0.002604167,9.99927,1.436472e-05,0.1694666,0.16945223528,1.615286e-05,1.341105e-06,4.825937,1.5566669999999996,0.9299999999999997,0,0.0,0.0,3000,0.002604167,9.99927,0.008476433,100.0,99.991523567,0.00953159,0.0007913699999999996,4.825937,1.5566669999999996,0.9299999999999997,4,37411.0021,0.1694313,4,3.762849,0.00126021,232.8071,0.6222958138830502,4.00476,0.005986885,955.858,2.555018434002333,4.216936,0.01130092,2573.627,6.879331895790089,2,data\BE1;extra\45
extra\38,extra,38,extra\38\Method3202.arw,0,d41d8cd98f00b204e9800998ecf8427e,extra\38\Method3202.cdf,25224,extra\38\Method_m32_result_3285.rpt,66091,2,extra\38\cfcb02d0-50fe-4bd0-b204-5438aa12a8d3.png,extra\38\d8d2a3ac-1fc4-4d2c-849d-0945cb7f4a8d.png,,bad_arw,0,,,,,,,,,,,,,,3000,0.0028125,9.999479,0.002151274,100.0,99.997848726,0.004063517,0.0006772525000000003,5.109479,0.550001,0.3700000000000001,3,51167.68728,0.299285,3,4.388408,0.0005633058,167.1515,0.3266739399131194,5.108023,0.299285,50981.21,99.63555655939743,6.136131,8.661674e-05,19.32578,0.03776950068945935,6,data\A5;extra\38;extra\40;extra\41;extra\44;extra\63
extra\39,extra,39,extra\39\Method3222.arw,65538,f5516fe163485d0e2572d97e53df5ed9,extra\39\Method3222.cdf,25512,extra\39\Method_m32_result_3286.rpt,66378,2,extra\39\f825f862-7976-4fd2-959a-b6fcf9619311.png,extra\39\9422e327-52a2-4b03-a2a2-81d67eb4a41e.png,,ok,3000,0.0003125,9.996979,-2.384186e-06,0.2984087,0.29841108418600004,7.152558e-07,2.3841800000000003e-06,5.116979,0.5533329999999994,0.37333399999999983,0,0.0,0.0,3000,0.0003125,9.996979,0.0,100.0,100.0,0.001038648,0.0007989600000000005,5.116979,0.5533329999999994,0.37333399999999983,3,51141.32926,0.2984516,3,4.397648,0.0005633514,166.6472,0.3258562153376457,5.118248,0.2984516,50952.87,99.63149323115579,6.125752,8.76822e-05,21.81206,0.042650553506555444,2,data\A2;extra\39
extra\40,extra,40,extra\40\Method3242.arw,0,d41d8cd98f00b204e9800998ecf8427e,extra\40\Method3242.cdf,25228,extra\40\Method_m32_result_3287.rpt,63541,2,extra\40\942b2fde-d2c1-4b2d-a6aa-3d4f58f150c2.png,extra\40\15fdd3b8-82f1-4972-ab3c-1d0c1857ee7c.png,,bad_arw,0,,,,,,,,,,,,,,3000,0.003229167,9.999896,0.0,100.0,100.0,0.001640781,0.0011719850000000013,5.086563,4.7066669999999995,4.3833340000000005,3,48294.24883,0.2796996,3,4.371362,0.0006854129,208.6693,0.43207898467275946,5.086133,0.2796996,48063.02,99.52120835171505,6.080941,0.0001033936,22.55953,0.046712663612206766,6,data\A5;extra\38;extra\40;extra\41;extra\44;extra\63
extra\41,extra,41,extra\41\Method3247.arw,0,d41d8cd98f00b204e9800998ecf8427e,extra\41\Method3247.cdf,25228,extra\41\Method_m32_result_3288.rpt,64347,2,extra\41\c339d1c9-91d9-4223-aa44-559e7d437902.png,extra\41\3f4532b4-a52c-4512-b57a-940088e98940.png,,bad_arw,0,,,,,,,,,,,,,,3000,0.0015625,9.998229,0.0,100.0,100.0,0.002269937,0.0250214,5.114896,0.54,0.35333299999999923,3,48518.26983999999,0.2861331,3,4.3932,0.0007071804,184.4767,0.38022110147034044,5.115599,0.2861331,48310.06,99.5708630157534,6.108164,9.577896e-05,23.73314,0.04891588277625194,6,data\A5;extra\38;extra\40;extra\41;extra\44;extra\63
extra\42,extra,42,extra\42\Method3252.arw,67084,c7f4b8d0ca12473fbc74f9ab62c2965f,extra\42\Method3252.cdf,25512,extra\42\Method_m32_result_3289.rpt,65410,2,extra\42\04f59218-5b59-4434-9444-f646a63c8e41.png,extra\42\06da9426-ca9d-4235-b2ad-e831a54a913e.png,,ok,3000,0.0028125,9.999479,-5.233288e-05,0.3042557,0.30430803288,-4.887581e-05,3.6060815e-06,5.112813,0.5333329999999998,0.35666700000000073,0,0.0,0.0,3000,0.0028125,9.999479,0.0,100.0,100.0,0.001136043,0.001185015000000001,5.112813,0.5333329999999998,0.35666700000000073,3,51378.313019,0.304314,3,4.389747,0.0005783072,165.8623,0.32282550798945686,5.113978,0.304314,51204.25,99.66121305124278,6.115086,5.752986e-05,8.200719,0.015961440767756088,3,data\A1;data\A3;extra\42
extra\44,extra,44,extra\44\Method2702.arw,0,d41d8cd98f00b204e9800998ecf8427e,extra\44\Method2702.cdf,25232,extra\44\Method_m32_result_2847.rpt,65662,2,extra\44\30658742-4bab-4caa-8cbd-87426016fbfa.png,extra\44\d759a779-5186-47a4-a65c-2712a9032122.png,,bad_arw,0,,,,,,,,,,,,,,3000,0.002604167,9.99927,0.0,100.0,100.0,0.0009109419,0.000877203,4.825937,1.5566659999999999,0.9299999999999997,4,39203.9344,0.1766349,4,3.764401,0.001381974,259.3894,0.6616412458847498,4.004507,0.006379885,1044.896,2.6652835129731263,4.217424,0.01138923,2616.179,6.673256243383573,6,data\A5;extra\38;extra\40;extra\41;extra\44;extra\63
extra\45,extra,45,extra\45\Method2722.arw,65157,d7baa434452f73a496d8fcbe08f80c37,extra\45\Method2722.cdf,25568,extra\45\Method_m32_result_2848.rpt,64474,2,extra\45\0602c459-eb3d-42e4-94dc-0c3afdf03d8d.png,extra\45\86468d52-6e6b-47d6-8954-14e1e4482224.png,,ok,3000,0.002604167,9.99927,1.436472e-05,0.1694666,0.16945223528,1.615286e-05,1.341105e-06,4.825937,1.5566669999999996,0.9299999999999997,0,0.0,0.0,3000,0.002604167,9.99927,0.008476433,100.0,99.991523567,0.00953159,0.0007913699999999996,4.825937,1.5566669999999996,0.9299999999999997,4,37411.0021,0.1694313,4,3.762849,0.00126021,232.8071,0.6222958138830502,4.00476,0.005986885,955.858,2.555018434002333,4.216936,0.01130092,2573.627,6.879331895790089,2,data\BE1;extra\45
extra\46,extra,46,extra\46\Method2742.arw,66476,9486560658ec9b86174953e5783d2d13,extra\46\Method2742.cdf,25472,extra\46\Method_m32_result_2849.rpt,65932,2,extra\46\d35e8b36-6afe-4a0a-a8fc-5986e985fe55.png,extra\46\d0b8ddcb-ff40-47e1-85d1-d2c084899ffc.png,,ok,3000,0.0028125,9.999479,-6.258488e-06,0.2054548,0.205461058488,-4.115700249999999e-06,1.1324889999999999e-06,4.826146,0.7199999999999998,0.38666599999999995,0,0.0,0.0,3000,0.0028125,9.999479,0.0,100.0,100.0,0.0010429165000000005,0.0005511940000000001,4.826146,0.7199999999999998,0.38666599999999995,2,38608.2839,0.2054402,2,4.135153,0.0005203629,131.9139,0.3416725289880082,4.825809,0.2054402,38476.37,99.658327471012,,,,,1,
extra\47,extra,47,extra\47\Method2762.arw,66114,e8a33a6d0ef483bdd4a5ce8269c57e29,extra\47\Method2762.cdf,25232,extra\47\Method_m32_result_2850.rpt,63925,2,extra\47\2dd0231a-70a3-494a-9371-7fded0bacf04.png,extra\47\871cf3ed-527c-44b9-898b-f7c59267df01.png,,ok,3000,0.001145833,9.997812,-7.224083e-05,0.2011525,0.20122474083,-9.655953e-06,8.940694999999999e-07,4.964479,1.6400009999999998,1.0166659999999998,0,0.0,0.0,3000,0.001145833,9.997812,0.0,100.0,100.0,0.03110199,0.00044431999999999805,4.964479,1.6400009999999998,1.0166659999999998,4,46252.29355,0.2011455,4,3.93052,0.004155353,1279.675,2.7667276620923373,4.280543,0.02249154,4759.308,10.289885397477764,4.965739,0.2011455,40193.11,86.89971224140515,2,data\B2;extra\47
extra\48,extra,48,extra\48\Method2782.arw,65498,407744b48b398ea2fea3f484bbc7bfb2,extra\48\Method2782.cdf,25520,extra\48\Method_m32_result_2851.rpt,65056,2,extra\48\ca9cb60b-6152-47fd-b215-fcad1fdbfee6.png,extra\48\31fa8c2a-3ab4-44bc-9f40-1aa7c5270a08.png,,ok,3000,0.0028125,9.999479,-6.318093e-06,0.1858293,0.185835618093,-2.622605e-06,1.1026863000000001e-06,4.966146,1.7466669999999995,1.0433329999999996,0,0.0,0.0,3000,0.0028125,9.999479,0.0,100.0,100.0,0.001988579,0.0005933664999999999,4.966146,1.7466669999999995,1.0433329999999996,3,45391.723,0.1857936,3,3.926338,0.005791586,1697.146,3.7388886956329017,4.278214,0.03033725,6414.317,14.131027808748302,4.965748,0.1857936,37280.26,82.13008349561878,1,
extra\49,extra,49,extra\49\Method2802.arw,65227,36de87f0cc14b5c5c2eaee9439a4f944,extra\49\Method2802.cdf,25232,extra\49\Method_m32_result_2852.rpt,65104,2,extra\49\fe1e28ea-e50d-4bc6-8973-2bea98d56121.png,extra\49\cb4eb738-5b84-4604-b151-a882eb350945.png,,ok,3000,0.003020833,9.999687,-2.443791e-06,0.1852731,0.185275543791,-1.192093e-07,1.8179424999999998e-06,4.966354,1.7233340000000004,1.0366670000000004,0,0.0,0.0,3000,0.003020833,9.999687,0.0,100.0,100.0,0.001254662,0.0009812099999999997,4.966354,1.7233340000000004,1.0366670000000004,3,44748.939,0.185219,3,3.929644,0.005731932,1692.604,3.7824449871314267,4.279767,0.02997096,6339.305,14.166380570497996,4.966341,0.185219,36717.03,82.05117444237058,2,data\B4;extra\49
extra\50,extra,50,extra\50\Method2806.arw,65058,f785234c750dbd96496ce627b5fec034,extra\50\Method2806.cdf,25520,extra\50\Method_m32_result_2853.rpt,65141,2,extra\50\d249aafa-9327-475d-96e6-a9b6973912d1.png,extra\50\1c5f920f-b8d2-4b87-b735-b318e00a8d8c.png,,ok,3000,0.003020833,9.999687,1.072884e-06,0.1934593,0.193458227116,3.695488e-06,1.5497189999999996e-06,4.966354,1.7033329999999998,1.0366670000000004,0,0.0,0.0,3000,0.003020833,9.999687,0.0005545783,100.0,99.9994454217,0.001910214,0.0008010580000000003,4.966354,1.7033329999999998,1.0366670000000004,3,46561.478,0.1934119,3,3.927405,0.005976936,1692.017,3.633941774786445,4.279942,0.03186901,6585.601,14.143883061444054,4.966718,0.1934119,38283.86,82.22217516376949,2,data\B5;extra\50
extra\51,extra,51,extra\51\Method2810.arw,66860,1c4f512926487524478943a343e57559,extra\51\Method2810.cdf,25520,extra\51\Method_m32_result_2854.rpt,63770,2,extra\51\a540f364-e754-40f7-af5f-d7e84e214267.png,extra\51\a7eca7bc-6723-4fd5-86df-1d5795933ef4.png,,ok,3000,0.001354167,9.998021,-5.030632e-05,0.1921743,0.19222460632,-2.31266e-05,1.7583449999999961e-06,4.964687,1.6933340000000006,1.0433329999999996,0,0.0,0.0,3000,0.001354167,9.998021,0.0,100.0,100.0,0.01413956,0.0009147299999999973,4.964687,1.6933340000000006,1.0433329999999996,3,46296.607,0.1921992,3,3.924173,0.005807978,1636.881,3.5356392316179885,4.277858,0.03147511,6470.826,13.976890358293426,4.965453,0.1921992,38188.9,82.48747041008858,1,
extra\52,extra,52,extra\52\Method2814.arw,66410,16043c1ca5ee268cc5f37a96969a167d,extra\52\Method2814.cdf,25520,extra\52\Method_m32_result_2855.rpt,63790,2,extra\52\c76fe207-3fed-4038-9ee6-d6111e3650f4.png,extra\52\831289db-d2d1-456a-9157-75f3b2c6dfe3.png,,ok,3000,0.0015625,9.998229,-3.46899e-05,0.1936401,0.1936747899,-7.927418e-06,1.0132790000000002e-06,4.964896,1.6500000000000004,1.029999,0,0.0,0.0,3000,0.0015625,9.998229,0.0,100.0,100.0,0.01381826,0.0005231899999999998,4.964896,1.6500000000000004,1.029999,3,46264.884999999995,0.1936402,3,3.92707,0.005655168,1563.1,3.3785883181164293,4.279336,0.0313997,6440.865,13.92171406024245,4.966116,0.1936402,38260.92,82.69969762164114,1,
extra\53,extra,53,extra\53\Method2818.arw,66781,e83e580fcae63d876312af871f0de951,extra\53\Method2818.cdf,25520,extra\53\Method_m32_result_2856.rpt,63777,2,extra\53\60c02d9e-3129-4270-a055-9804f83a4822.png,extra\53\6818b838-4251-456c-b518-ec8022c41413.png,,ok,3000,0.003229167,9.999896,-4.816056e-05,0.1932131,0.19326126056,-2.348423e-05,8.940700000000001e-07,4.966562,1.6599999999999997,1.0333330000000007,0,0.0,0.0,3000,0.003229167,9.999896,0.0,100.0,100.0,0.01276837,0.0004626299999999986,4.966562,1.6599999999999997,1.0333330000000007,3,46008.202,0.193205,3,3.926062,0.0056189,1549.803,3.368536331847961,4.278727,0.03126983,6397.309,13.904714207262437,4.965748,0.193205,38061.09,82.7267494608896,1,
extra\59,extra,59,extra\59\Method2568.arw,66884,910296572a93f2497bfbbd9f41fe197a,extra\59\Method2568.cdf,32,extra\59\Method_m32_result_2607.rpt,65235,2,extra\59\e11b970d-49fd-407b-ad41-773c481d993a.png,extra\59\b4d19616-56de-4f8d-9af6-ba9aa809523d.png,,ok,3000,0.0021875,9.998855,-6.628036e-05,0.2207827,0.22084898036,-6.306171e-05,5.8114500000000035e-06,5.015521,1.7566669999999998,1.0033340000000006,0,0.0,0.0,3000,0.0021875,9.998855,0.0,100.0,100.0,0.001457399,0.0026314145,5.015521,1.7566669999999998,1.0033340000000006,4,47821.77405,0.2207889,4,3.974122,0.00658081,1982.076,4.144714493292622,4.326972,0.0330913,6630.585,13.86520080385851,5.015201,0.2207889,39180.62,81.9305029525562,1,
extra\60,extra,60,extra\60\Method2572.arw,66345,e2ce2ee35e9c56b31ba0085d42607051,extra\60\Method2572.cdf,32,extra\60\Method_m32_result_2608.rpt,65147,2,extra\60\72faedfd-f21a-4907-815d-78c5bad1b440.png,extra\60\2928d5cb-9905-4b9e-87d5-5ab03be47498.png,,ok,3000,0.0005208334,9.997188,-2.443791e-05,0.209485,0.20950943791,-2.133846e-05,9.536699999999986e-07,5.013854,1.713333,1.0066659999999992,0,0.0,0.0,3000,0.0005208334,9.997188,0.0,100.0,100.0,0.00147938,0.000455193,5.013854,1.713333,1.0066659999999992,4,45405.307649999995,0.2094441,4,3.971784,0.00592564,1740.542,3.8333448006050457,4.325745,0.03101116,6147.801,13.539828971955004,5.013756,0.2094441,37484.95,82.55631762028156,1,
extra\62,extra,62,extra\62\Method2576.arw,65102,c53235bdf49f33d27f799f044973ef15,extra\62\Method2576.cdf,25564,extra\62\Method_m32_result_2609.rpt,63926,2,extra\62\3ad5ee8c-a005-4a1f-b8ff-8f46e19101dc.png,extra\62\2a14d9be-0b57-4ef3-9c7b-d7bacc271182.png,,ok,3000,0.002395833,9.999063,2.151728e-05,0.2187848,0.21876328272,2.503395e-05,1.221894999999999e-06,5.015729,1.6800000000000002,1.006666,0,0.0,0.0,3000,0.002395833,9.999063,0.009834905,100.0,99.990165095,0.01144227,0.00055849,5.015729,1.6800000000000002,1.006666,4,47330.35754,0.21872,4,3.97209,0.005936122,1706.569,3.605654148202321,4.326595,0.03184101,6251.276,13.20775148321434,5.01477,0.21872,39347.89,83.13457164726924,1,
extra\63,extra,63,extra\63\Method2580.arw,0,d41d8cd98f00b204e9800998ecf8427e,extra\63\Method2580.cdf,25228,extra\63\Method_m32_result_2610.rpt,64928,2,extra\63\1f720f69-1e8e-46f8-a058-7a2a0d26ae4e.png,extra\63\db31950b-6fc8-417f-9f6a-f6f6976fab8c.png,,bad_arw,0,,,,,,,,,,,,,,3000,0.002395833,9.999063,0.0,100.0,100.0,0.001179413,0.0005897061000000001,5.015729,1.7633329999999998,1.0099989999999996,4,46798.303210000005,0.212212,4,3.972191,0.006406584,1817.409,3.8834933648014207,4.326204,0.03367426,6553.249,14.003176505338944,5.0148,0.212212,38402.96,82.06058204220093,6,data\A5;extra\38;extra\40;extra\41;extra\44;extra\63
extra\64,extra,64,extra\64\Method2584.arw,66198,0cbc73b1279e4fa97debfb17a89b06c1,extra\64\Method2584.cdf,25564,extra\64\Method_m32_result_2611.rpt,64584,2,extra\64\cca8238a-0197-4abf-abd8-bc6cea6acae5.png,extra\64\896b43ca-0f21-4b2b-9835-3ffcb95f36f7.png,,ok,3000,0.0007291667,9.997396,-3.635883e-05,0.2203832,0.22041955883,-3.218651e-05,1.43051e-06,5.014062,1.716666,1.0099999999999998,0,0.0,0.0,3000,0.0007291667,9.997396,0.0,100.0,100.0,0.001892902,0.0006489945000000001,5.014062,1.716666,1.0099999999999998,4,48526.13205,0.2203528,4,3.971155,0.00638085,1802.982,3.715486736388255,4.324929,0.03382782,6601.997,13.605034485743648,5.013556,0.2203528,40083.37,82.60161753403135,1,
extra\65,extra,65,extra\65\Method2588.arw,65898,88e1a188e19d835ba1c3abbd56ad7e8f,extra\65\Method2588.cdf,25228,extra\65\Method_m32_result_2612.rpt,63947,2,extra\65\79201529-6039-4022-8111-130f01e1a235.png,extra\65\d9ce87b8-118c-4804-87b5-91cc60f446fd.png,,ok,3000,0.0007291667,9.997396,-3.093481e-05,0.2176845,0.21771543481,-6.139279e-06,2.0861627000000003e-06,5.014062,1.6800000000000006,1.0133329999999994,0,0.0,0.0,3000,0.0007291667,9.997396,0.0,100.0,100.0,0.01138897,0.0009582050000000002,5.014062,1.6800000000000006,1.0133329999999994,4,47536.922360000004,0.2176319,4,3.970977,0.005613234,1512.102,3.1809000770995643,4.324921,0.03170797,6219.788,13.084120071756363,5.013663,0.2176319,39783.26,83.68917890543892,1,
extra\66,extra,66,extra\66\Method2160.arw,67379,d9cccb2c090bcba4e218364a847260f8,extra\66\Method2160.cdf,25232,extra\66\Method_m32_result_2236.rpt,66491,2,extra\66\432f87be-e397-4328-9cb9-49a17b2bfa64.png,extra\66\599f9f0b-5d9b-4e4b-b7bf-6c89ff26e92d.png,,ok,3000,0.002604167,9.99927,-2.533198e-05,0.2888411,0.28886643198,-2.169609e-05,1.4007100000000007e-06,4.922604,0.5766670000000005,0.3700000000000001,0,0.0,0.0,3000,0.002604167,9.99927,0.0,100.0,100.0,0.001258673,0.00048489849999999984,4.922604,0.5766670000000005,0.3700000000000001,3,50709.47757,0.2888901,3,4.223415,0.0004918479,111.1882,0.219265126221256,4.473894,0.0002760621,42.48937,0.08378980032154174,4.923919,0.2888901,50555.8,99.6969450734572,2,data\A4;extra\66
extra\67,extra,67,extra\67\Method2202.arw,65246,46caf46e7a61846823a971d1d852b54f,extra\67\Method2202.cdf,25664,extra\67\Method_m32_result_2237.rpt,63765,2,extra\67\d409fe14-4f2a-4a27-a8ab-56e735d418d3.png,extra\67\2d98fb03-3315-4e04-bfe6-bd236e33b615.png,,ok,3000,0.002604167,9.99927,-0.0001330972,0.2020035,0.2021365972,-2.980232e-07,1.132488e-06,4.935937,1.6099989999999997,1.0,0,0.0,0.0,3000,0.002604167,9.99927,0.0,100.0,100.0,0.06569773,0.000560259999999993,4.935937,1.6099989999999997,1.0,6,45742.863777000006,0.201917,5,3.286287,4.320345e-05,6.014907,0.013152874229221968,3.943625,0.005641777,1415.667,3.0956571733295255,4.271536,0.03165743,6440.367,14.083233064290374,2,data\B6;extra\67
extra\68,extra,68,extra\68\Method2222.arw,66127,184f8a2221f5e70e26123176e8303b97,extra\68\Method2222.cdf,25712,extra\68\Method_m32_result_2238.rpt,62450,2,extra\68\543fd3af-7272-40e4-a498-993af5959516.png,extra\68\46dcef62-b799-4259-a0be-a8173065e371.png,,ok,3000,0.002604167,9.99927,-0.0003144145,0.2027869,0.2031013145,-1.931489e-05,1.2815000000000004e-06,4.935937,1.5999999999999996,0.9966670000000004,0,0.0,0.0,3000,0.002604167,9.99927,0.0,100.0,100.0,0.14529673499999998,0.0006309499999999912,4.935937,1.5999999999999996,0.9966670000000004,7,45305.954309999994,0.2027583,6,3.268186,2.861038e-05,4.321079,0.00953945907263848,3.942664,0.004914621,1220.992,2.695531188395075,4.271141,0.02915619,5894.211,13.012394496836444,1,
extra\69,extra,69,extra\69\Method2226.arw,65692,26c546e2c4c7bd10654da065c4fc0c8c,extra\69\Method2226.cdf,25520,extra\69\Method_m32_result_2239.rpt,66294,2,extra\69\1ea2adaf-fa3a-422e-b30d-0d210f05ceb1.png,extra\69\0f2ca32b-2a4e-460e-a368-40ed1d09c8b3.png,,ok,3000,0.001145833,9.997812,-5.841256e-06,0.2893651,0.289370941256,-1.072884e-06,1.0728799999999998e-06,4.924479,0.5766660000000003,0.3699999999999992,0,0.0,0.0,3000,0.001145833,9.997812,0.0,100.0,100.0,0.001647841,0.000370764,4.924479,0.5766660000000003,0.3699999999999992,3,50598.517069999994,0.2893678,3,4.223661,0.0004814095,110.4092,0.21820639495670502,4.477485,0.0002697295,40.08787,0.07922736143539712,4.923502,0.2893678,50448.02,99.7025662436079,2,data\A6;extra\69
extra\71,extra,71,extra\71\Method1631.arw,67285,ab8050b37c6041960f06bdb8d95f5738,extra\71\Method1631.cdf,25568,extra\71\Method_m32_result_2268.rpt,64139,2,extra\71\9bfe4f8c-e429-4552-a770-e656966c7139.png,extra\71\faf95fb0-6791-4c88-bb46-8682353e1107.png,,ok,3000,0.0015625,9.998229,-0.0001477599,0.2255849,0.2257326599,-7.939339e-05,2.205369999999999e-06,4.951562,1.5400000000000005,0.9899989999999992,0,0.0,0.0,3000,0.0015625,9.998229,0.0,100.0,100.0,0.0302865,0.0009769849999999997,4.951562,1.5400000000000005,0.9899989999999992,4,46043.332247,0.2256214,4,3.92834,0.00378749,978.955,2.126160189163513,4.272448,0.02462737,4816.98,10.461840542207618,4.9519,0.2256214,40244.69,87.40611948784873,1,
extra\72,extra,72,extra\72\Method1639.arw,67127,1e9f4078243402fab802324548bca3cd,extra\72\Method1639.cdf,25520,extra\72\Method_m32_result_2269.rpt,63828,2,extra\72\425c978a-3844-42ee-a312-1896a0011679.png,extra\72\5ec696c1-6575-4f8d-9121-f6034afe0507.png,,ok,3000,0.003229167,9.999896,-0.0001360178,0.2214306,0.2215666178,-4.625321e-05,2.5928050000000003e-06,4.953229,1.5499999999999998,0.9900000000000002,0,0.0,0.0,3000,0.003229167,9.999896,0.0,100.0,100.0,0.0405136,0.0011702199999999996,4.953229,1.5499999999999998,0.9900000000000002,3,45277.4114,0.2214545,3,3.927658,0.003785879,991.6504,2.190165845037687,4.272565,0.0240147,4680.191,10.336701801817231,4.952338,0.2214545,39605.57,87.47313235314509,1,
extra\73,extra,73,extra\73\Method1643.arw,67176,1c2b716d5953d99e41d6b7704f83a45f,extra\73\Method1643.cdf,25520,extra\73\Method_m32_result_2270.rpt,63740,2,extra\73\d715f591-a591-42cf-8b61-4725a0c309c6.png,extra\73\0da9feae-e96f-4a94-a948-61042ca16e2b.png,,ok,3000,0.0001041667,9.996771,-0.000162065,0.2211083,0.221270365,-5.096197e-05,1.2218899999999986e-06,4.953437,1.5466659999999997,0.9899989999999992,0,0.0,0.0,3000,0.0001041667,9.996771,0.0,100.0,100.0,0.05021145,0.0005522100000000044,4.953437,1.5466659999999997,0.9899989999999992,3,45064.341,0.221159,3,3.927124,0.003612061,959.06,2.1282015418798648,4.272402,0.02307134,4500.041,9.985813395118772,4.952375,0.221159,39605.24,87.88598506300137,1,
extra\75,extra,75,extra\75\Method1647.arw,67016,d2df0d28c046efe0d2b08b1fc14904c5,extra\75\Method1647.cdf,25520,extra\75\Method_m32_result_2271.rpt,63865,2,extra\75\9a9b610a-62a7-48f8-8fe6-06d8b60bc381.png,extra\75\2e003836-876c-4567-95cd-9ea2fa729066.png,,ok,3000,0.0001041667,9.996771,-0.0001246333,0.2227146,0.22283923330000002,-2.831221e-05,1.7285300000000009e-06,4.953437,1.5366670000000004,0.9866659999999996,0,0.0,0.0,3000,0.0001041667,9.996771,0.0,100.0,100.0,0.04322448,0.0007756900000000025,4.953437,1.5366670000000004,0.9866659999999996,3,44938.6228,0.2227197,3,3.927412,0.003539694,933.7428,2.077818014485304,4.273279,0.02264936,4383.28,9.75392597033481,4.95345,0.2227197,39621.6,88.16825601517989,1,
extra\76,extra,76,extra\76\Method1655.arw,66577,22ddd85f252e86fbc95742629707a2b6,extra\76\Method1655.cdf,25520,extra\76\Method_m32_result_2273.rpt,63813,2,extra\76\8457b099-401a-4b7f-a3b9-70459b800ac7.png,extra\76\510fe869-6e8a-45e1-aec9-3063b44bf474.png,,ok,3000,0.0003125,9.996979,-0.0001578331,0.2307227,0.2308805331,-1.7288329999999997e-05,3.2484534e-06,4.953646,1.5400009999999997,0.9866670000000006,0,0.0,0.0,3000,0.0003125,9.996979,0.0,100.0,100.0,0.060873369499999996,0.0014069849999999995,4.953646,1.5400009999999997,0.9866670000000006,3,46606.9894,0.2307132,3,3.92758,0.003615773,969.0494,2.079193297990623,4.273443,0.02304139,4470.48,9.59186606462077,4.953497,0.2307132,41167.46,88.32894063738861,1,
extra\77,extra,77,extra\77\Method1659.arw,67040,70503903b0293c9f072fb902e2756197,extra\77\Method1659.cdf,25520,extra\77\Method_m32_result_2274.rpt,65257,2,extra\77\72d089f7-0db2-4de6-b6ec-cccfd18d9d67.png,extra\77\f9fb8029-9eec-43c8-861c-22b1f73ee32e.png,,ok,3000,0.0021875,9.998855,-4.714728e-05,0.2264077,0.22645484727999998,-4.22597e-05,3.0398299999999997e-06,4.955521,1.5833340000000002,1.0066670000000002,0,0.0,0.0,3000,0.0021875,9.998855,0.0,100.0,100.0,0.002158303,0.0013423540000000005,4.955521,1.5833340000000002,1.0066670000000002,3,49130.028999999995,0.2264941,3,3.924526,0.006567422,1744.434,3.5506472019383506,4.273,0.03619839,7002.565,14.253126127810754,4.953947,0.2264941,40383.03,82.19622667025091,1,
extra\78,extra,78,extra\78\Method1663.arw,67135,c0c747a7d802365f52a06b28f043f816,extra\78\Method1663.cdf,25520,extra\78\Method_m32_result_2275.rpt,65216,2,extra\78\9627f199-9865-4f1a-9d8f-77d0edb87282.png,extra\78\71189d43-c356-419d-82cd-7a8b745321bc.png,,ok,3000,0.0021875,9.998855,-5.739928e-05,0.2291688,0.22922619928000001,-5.37663705e-05,1.847740000000002e-06,4.952188,1.6,1.0133339999999995,0,0.0,0.0,3000,0.0021875,9.998855,0.0,100.0,100.0,0.0015848548500000004,0.0008060740000000004,4.952188,1.6,1.0133339999999995,3,49758.199,0.2292117,3,3.921851,0.006536276,1716.785,3.450255504625479,4.271203,0.03641976,7065.094,14.198853941638845,4.953088,0.2292117,40976.32,82.35089055373568,1,
extra\79,extra,79,extra\79\Method1667.arw,65148,f2d836a50ef0c644e1fc8a52ddf90598,extra\79\Method1667.cdf,25520,extra\79\Method_m32_result_2276.rpt,65454,2,extra\79\26eebb13-fc6f-42f8-a0ce-879e59ec4cdc.png,extra\79\fbb68e7a-fde8-41f0-ad4b-6c618d56a24c.png,,ok,3000,0.0007291667,9.997396,-3.516674e-06,0.233085,0.233088516674,8.285046350000021e-07,1.639129999999998e-06,4.954062,1.6100000000000003,1.0133329999999994,0,0.0,0.0,3000,0.0007291667,9.997396,0.0,100.0,100.0,0.001864175800000001,0.0007032209999999995,4.954062,1.6100000000000003,1.0133329999999994,3,50782.320999999996,0.2330543,3,3.921751,0.006734098,1775.989,3.497258425821065,4.271617,0.03721835,7215.312,14.208314740084449,4.953927,0.2330543,41791.02,82.29442683409448,1,
extra\81,extra,81,extra\81\Method1248.arw,67670,3ca49eadfdaace0a39af87fec6e7dc66,extra\81\Method1248.cdf,25520,extra\81\Method_m32_result_1318.rpt,64397,2,extra\81\1becd59d-ce44-4adf-bcef-dc9cad391d49.png,extra\81\eeeb3d93-7512-4125-bbfc-fb7fe1caa67b.png,,ok,3000,0.0009375,9.997604,-0.0001302958,0.2735003,0.2736305958,-3.600121e-05,1.66893e-06,4.954271,0.5500000000000007,0.35333400000000026,0,0.0,0.0,3000,0.0009375,9.997604,0.0,100.0,100.0,0.03446053,0.0006099199999999999,4.954271,0.5500000000000007,0.35333400000000026,3,45933.64507,0.2735225,3,4.247941,0.0003755761,84.08157,0.18305007118826505,4.525453,0.0002391908,33.1835,0.07224225281801701,4.954875,0.2735225,45816.38,99.74470767599372,1,
extra\82,extra,82,extra\82\Method1252.arw,65456,7a3cdee1e86d21b9a95861aa95d8e5db,extra\82\Method1252.cdf,25520,extra\82\Method_m32_result_1312.rpt,63573,2,extra\82\f1506fbc-bfc2-4d04-8e0c-62ff1dd546d6.png,extra\82\486b841d-4949-49dd-8867-7441e803ed59.png,,ok,3000,0.0028125,9.999479,-0.0001661182,0.2226173,0.2227834182,-1.120567e-05,3.188850000000001e-06,4.952813,1.776666,1.0066670000000002,0,0.0,0.0,3000,0.0028125,9.999479,0.0,100.0,100.0,0.069535,0.0014313650000000039,4.952813,1.776666,1.0066670000000002,3,49768.521,0.2226312,3,3.927262,0.007381293,2189.369,4.3991040039144425,4.270955,0.03706517,7265.292,14.598167383756493,4.95398,0.2226312,40313.86,81.00272861232907,1,
extra\83,extra,83,extra\83\Method1256.arw,66341,649761114c5e57d40f34b0108df0361f,extra\83\Method1256.cdf,25568,extra\83\Method_m32_result_1313.rpt,63816,2,extra\83\148e66b3-2c4b-4871-a27a-b2a3a7419fc5.png,extra\83\eb2c70cb-7660-47c9-a9ad-3b96e26a8733.png,,ok,3000,0.001145833,9.997812,-0.0001536608,0.2194817,0.2196353608,-1.740754e-05,1.99675545e-06,4.954479,1.7600000000000002,1.0066670000000002,0,0.0,0.0,3000,0.001145833,9.997812,0.0,100.0,100.0,0.062036133,0.0009091299999999941,4.954479,1.7600000000000002,1.0066670000000002,4,48714.18151,0.2194708,4,3.927545,0.006723267,1980.921,4.066415443300342,4.271693,0.03477972,6779.427,13.916742085892022,4.95467,0.2194708,39939.04,81.98647449675687,1,
extra\84,extra,84,extra\84\Method1260.arw,66510,23c03ccf37cc26cd83d14c6031f62f74,extra\84\Method1260.cdf,25616,extra\84\Method_m32_result_1314.rpt,64101,2,extra\84\75fefc85-8d85-4155-8fb0-30016c896401.png,extra\84\6abef129-580c-43b5-b9d6-752aa20747bf.png,,ok,3000,0.003020833,9.999687,-5.38826e-05,0.2168018,0.2168556826,-2.294779e-05,2.32458e-06,4.953021,1.7566669999999998,1.0099999999999998,0,0.0,0.0,3000,0.003020833,9.999687,0.0,100.0,100.0,0.01426516,0.0010719499999999986,4.953021,1.7566669999999998,1.0099999999999998,5,48591.85801,0.2168568,5,3.927375,0.006715173,1949.405,4.011793497583115,4.271737,0.03478186,6813.319,14.021523932255993,4.954432,0.2168568,39738.21,81.7795647818654,1,
extra\85,extra,85,extra\85\Method1264.arw,66953,39704a0b49d98b80daa9e6870b8b23c8,extra\85\Method1264.cdf,25616,extra\85\Method_m32_result_1315.rpt,64104,2,extra\85\f3a84aab-b9fe-4f96-8ba2-7baa26cce0f1.png,extra\85\bdaac4e8-f7c8-44f7-99f0-db81c53820a0.png,,ok,3000,0.003020833,9.999687,-0.0001576543,0.2075806,0.2077382543,-3.5288929999999996e-05,3.3974649999999993e-06,4.953021,1.7566670000000002,1.0066669999999993,0,0.0,0.0,3000,0.003020833,9.999687,0.0,100.0,100.0,0.058903635499999996,0.0016354600000000052,4.953021,1.7566670000000002,1.0066669999999993,5,46378.411049999995,0.2076307,5,3.926459,0.006371328,1823.74,3.9323037566635217,4.271212,0.03350838,6455.261,13.918676500237712,4.954245,0.2076307,38031.93,82.0035209032889,1,
extra\86,extra,86,extra\86\Method1268.arw,66987,61d7182c5920d45940fa07847d2066b7,extra\86\Method1268.cdf,25568,extra\86\Method_m32_result_1316.rpt,63887,2,extra\86\d05daeb0-aaab-425b-95f5-36342057f7de.png,extra\86\d3c12d27-f7f6-456a-a6a1-3ba421738462.png,,ok,3000,0.003229167,9.999896,-0.0001546741,0.2195514,0.2197060741,-3.522933e-05,3.010034999999999e-06,4.953229,1.7199999999999998,1.0066670000000002,0,0.0,0.0,3000,0.003229167,9.999896,0.0,100.0,100.0,0.0543657035,0.00137002499999999,4.953229,1.7199999999999998,1.0066670000000002,4,48779.493879999995,0.2196015,4,3.92679,0.006555685,1841.845,3.775859184867787,4.271448,0.03543747,6767.041,13.872716712984476,4.954412,0.2196015,40154.96,82.31934529452727,1,
extra\87,extra,87,extra\87\Method1272.arw,67538,f9c1b80b8e75cd0e99121627c7015276,extra\87\Method1272.cdf,25520,extra\87\Method_m32_result_1319.rpt,64412,2,extra\87\eb171b2e-411b-4ffb-a2b7-8ccc2d58b586.png,extra\87\6e89d2c3-120e-4b53-a1e7-cba4003fec26.png,,ok,3000,0.003229167,9.999896,-0.0001148582,0.273754,0.2738688582,-1.949072e-05,1.937151e-06,4.956563,0.5466659999999992,0.35333400000000026,0,0.0,0.0,3000,0.003229167,9.999896,0.0,100.0,100.0,0.0348223,0.0007073250000000017,4.956563,0.5466659999999992,0.35333400000000026,3,45876.07397,0.2737755,3,4.248966,0.0003731405,81.80973,0.17832766172078784,4.520841,0.0002353657,31.77424,0.06926102704598983,4.955772,0.2737755,45762.49,99.75241131123323,1,
extra\88,extra,88,extra\88\Method1112.arw,68344,519334b0a2d94335f30e0384815b17d8,extra\88\Method1112.cdf,25620,extra\88\Method_m32_result_2325.rpt,63254,2,extra\88\cb30321f-21d8-471d-8ecc-32714c0b869e.png,extra\88\c56c99b3-18c8-4279-b21c-21fdbcf3e5f1.png,,ok,3000,0.0001041667,9.996771,-0.0008292199,0.2264328,0.2272620199,-0.0007926822,2.6106835e-05,5.103437,0.5233340000000002,0.3433339999999996,0,0.0,0.0,3000,0.0001041667,9.996771,0.0,100.0,100.0,0.01607732,0.011487550000000013,5.103437,0.5233340000000002,0.3433339999999996,5,37571.955369,0.226903,5,4.384096,0.0009986432,244.273,0.650147157902635,4.703808,0.0006270025,32.74955,0.0871648805029219,5.103254,0.226903,37253.73,99.15302420149642,1,
extra\89,extra,89,extra\89\Method1116.arw,67569,1bec3f2d1ce96e2bc1849995f2d60709,extra\89\Method1116.cdf,25616,extra\89\Method_m32_result_1147.rpt,62895,2,extra\89\6c71118d-0a9e-4e41-a4be-95d0b3b09d89.png,extra\89\83ba568c-dde5-46c1-aab5-780dfbacdad5.png,,ok,3000,0.0001041667,9.996771,-0.0006014109,0.2195971,0.22019851089999998,-0.00047004528,1.6123049999999998e-05,5.103437,1.656666,0.9833340000000002,0,0.0,0.0,3000,0.0001041667,9.996771,0.0,100.0,100.0,0.059657816499999995,0.007322099999999998,5.103437,1.656666,0.9833340000000002,5,45009.24092,0.2199654,5,4.036995,0.003565227,950.1819,2.1110818147074855,4.401454,0.02432012,4549.198,10.10725332623539,5.10184,0.2199654,39457.49,87.66530870878772,1,
extra\90,extra,90,extra\90\Method1120.arw,67587,d310c4e14ed6c2fe14593e0edd30fb62,extra\90\Method1120.cdf,25616,extra\90\Method_m32_result_1148.rpt,62166,2,extra\90\879ab663-3927-4d53-bc1b-6f28510d1a44.png,extra\90\fe5ac901-9209-47ee-87c9-f0ed356d0a97.png,,ok,3000,0.001979167,9.998646,-0.0008459092,0.2431551,0.2440010092,-0.000300776925,8.881095000000005e-06,5.105312,1.2999999999999998,0.9266670000000001,0,0.0,0.0,3000,0.001979167,9.998646,0.0,100.0,100.0,0.223413915,0.0036398000000000263,5.105312,1.2999999999999998,0.9266670000000001,5,46414.12075,0.2433025,5,4.06165,0.0007042716,150.8066,0.3249153437857594,4.416416,0.01484097,2756.128,5.938123905966698,5.10535,0.2433025,43360.15,93.4201689040937,1,
extra\91,extra,91,extra\91\Method1124.arw,68035,f11007cdc55df154a273ba52cc15bc6a,extra\91\Method1124.cdf,25524,extra\91\Method_m32_result_1149.rpt,63981,2,extra\91\dab407a5-77f7-427e-bf2d-ebd3e76b0c0c.png,extra\91\491a53f9-8078-4fb3-815a-71c28214ac05.png,,ok,3000,0.001979167,9.998646,-0.0003031492,0.2255998,0.22590294919999998,-0.0002909899,7.689e-06,5.098646,0.5133340000000004,0.34000000000000075,0,0.0,0.0,3000,0.001979167,9.998646,0.0,100.0,100.0,0.005382554,0.0034036999999999956,5.098646,0.5133340000000004,0.34000000000000075,3,37530.58182,0.2258227,3,4.381965,0.001014767,264.3479,0.70435332249267,5.100085,0.2258227,37229.28,99.19718318931193,6.130397,0.000176798,36.95392,0.0984634881953983,1,
extra\92,extra,92,extra\92\Method1042.arw,68003,4701d9073dc4f3891336332326020165,extra\92\Method1042.cdf,25524,extra\92\Method_m32_result_1086.rpt,64763,2,extra\92\e80e59a2-ca42-4afe-bd20-596582d9780b.png,extra\92\a80f2367-59f9-4eb8-baf7-a0eb4b035bb3.png,,ok,3000,0.0005208334,9.997188,-0.0001851916,0.2189431,0.2191282916,-0.00017780368,4.47035e-06,5.097188,0.5233340000000002,0.3533330000000001,0,0.0,0.0,3000,0.0005208334,9.997188,0.0,100.0,100.0,0.0033715380000000003,0.0020400599999999963,5.097188,0.5233340000000002,0.3533330000000001,3,37266.49926,0.2190436,3,4.379004,0.001011989,269.5237,0.7232332130785715,5.097814,0.2190436,36964.6,99.18989101204888,6.126612,0.0001567492,32.37556,0.08687577487255507,1,
extra\98,extra,98,extra\98\Method1066.arw,66991,8744fcb5bd719e42e44c0d588c97810f,extra\98\Method1066.cdf,25568,extra\98\Method_m32_result_1092.rpt,61776,2,extra\98\391e9b57-93e5-46b0-8bd1-bb41000827ad.png;extra\98\f45d0c81-9208-4f5d-98d5-6de6f4ecd420.png,,,ok,3000,0.002604167,9.99927,-0.0003469587,0.1952111,0.1955580587,-0.00012356337999999998,2.920624999999999e-06,5.095938,1.6833329999999997,1.0,0,0.0,0.0,3000,0.002604167,9.99927,0.0,100.0,100.0,0.114234775,0.0014934499999999934,5.095938,1.6833329999999997,1.0,4,42995.0534,0.1952694,4,4.037598,0.005619854,1446.464,3.3642567821534555,4.397561,0.03089488,5865.039,13.641194826379724,5.096428,0.1952694,35457.08,82.46781244839667,2,data\BC2;extra\98
extra\99,extra,99,extra\99\Method1070.arw,67535,f6de665d5b511bda2ab8ff956d921537,extra\99\Method1070.cdf,25524,extra\99\Method_m32_result_1093.rpt,64265,2,extra\99\7a6d73b66f278ebf311e2a474c32eed3.png;extra\99\9aa76658-e6b7-40ad-ac9d-cb658b092bf0.png,,,ok,3000,0.0028125,9.999479,-0.0001372099,0.222595,0.22273220989999998,-7.36743205e-05,2.2649759999999997e-06,5.099479,0.5133329999999994,0.34333299999999944,0,0.0,0.0,3000,0.0028125,9.999479,0.0,100.0,100.0,0.028525542,0.0010169099999999959,5.099479,0.5133329999999994,0.34333299999999944,3,37487.022750000004,0.2226581,3,4.380934,0.00102668,270.3316,0.7211338222371899,5.100626,0.2226581,37182.66,99.18808502870503,6.129888,0.0001617161,34.03115,0.09078114905777625,1,
extra\D1,extra,D1,extra\D1\exp1562.arw,66241,376e46868cc1c3dc7d7852259e13a1c7,extra\D1\exp1562.cdf,25228,extra\D1\exp_m32_result_1610.rpt,64449,1,extra\D1\fe723e1c-dfca-4700-bb58-cfbe9043484e.png,,,ok,3000,0.001354167,9.998021,-7.891656e-05,0.1910962,0.19117511656,-7.224083e-05,3.7848950000000013e-06,5.271354,1.2033329999999998,0.4366669999999999,0,0.0,0.0,3000,0.001354167,9.998021,0.0,100.0,100.0,0.003491944,0.0019798049999999994,5.271354,1.2033329999999998,0.4366669999999999,4,41948.08467,0.1910761,4,3.313508,0.0005080064,172.3282,0.4108130355788185,4.698367,0.006053979,1647.323,3.927051766389982,5.272863,0.1910761,40054.06,95.4848363521242,2,data\B8;extra\D1
extra\D2,extra,D2,extra\D2\exp1542.arw,66937,6a29bee1131b08a476e68bdec7f9c42b,extra\D2\exp1542.cdf,25232,extra\D2\exp_m32_result_1609.rpt,64185,1,extra\D2\9e5c3b03-05e8-41b7-9878-8188074a3b50.png,,,ok,3000,0.001145833,9.997812,-8.928777e-05,0.2097849,0.20987418777,-7.701219e-05,5.096195e-06,5.271146,1.2000000000000002,0.4333329999999993,0,0.0,0.0,3000,0.001145833,9.997812,0.0,100.0,100.0,0.005849016,0.002428219999999995,5.271146,1.2000000000000002,0.4333329999999993,4,45884.082729999995,0.2097316,4,3.306286,0.0002192385,61.87638,0.13485369286797116,4.697651,0.006779016,1828.298,3.984601829698601,5.27133,0.2097316,43909.82,95.69728190575948,2,data\B9;extra\D2
extra\D3,extra,D3,extra\D3\exp1522.arw,67152,a1b58e9639ddd520fd4f2c14dcb87374,extra\D3\exp1522.cdf,25616,extra\D3\exp_m32_result_1608.rpt,64265,1,extra\D3\0789f4a2-9b4c-4a6e-bc1d-f70f5f0e5e1d.png,,,ok,3000,0.0028125,9.999479,-0.0001078248,0.1933496,0.1934574248,-9.73373705e-05,5.185605e-06,5.269479,1.21,0.4366669999999999,0,0.0,0.0,3000,0.0028125,9.999479,0.0,100.0,100.0,0.005421058500000001,0.0026804900000000006,5.269479,1.21,0.4366669999999999,4,42383.17689,0.1933334,4,3.304871,0.0001376189,38.1429,0.08999537740881226,4.697452,0.006186821,1672.593,3.9463606145924284,5.270178,0.1933334,40588.68,95.76601609016383,1,
extra\D4,extra,D4,extra\D4\exp1502.arw,66806,81ab34d4bed4c8dcf6395e83bf47fac4,extra\D4\exp1502.cdf,25228,extra\D4\exp_m32_result_1607.rpt,64028,1,extra\D4\d118ccca-31a5-40c7-9bcb-b68c2978b236.png,,,ok,3000,0.0009375,9.997604,-8.785725e-05,0.1898868,0.18997465724999998,-7.092953e-05,5.871057e-06,5.270937,1.2133330000000004,0.4400000000000004,0,0.0,0.0,3000,0.0009375,9.997604,0.0,100.0,100.0,0.008910517,0.00309044,5.270937,1.2133330000000004,0.4400000000000004,4,41664.17735,0.1898347,4,3.314981,0.0004411473,139.2092,0.3341220416536078,4.698423,0.005825316,1583.482,3.8005838605619324,5.269859,0.1898347,39858.61,95.66637945390755,1,
extra\D5,extra,D5,extra\D5\exp1482.arw,66852,bdc8952e31b7ab0a84ac6f56d60bd153,extra\D5\exp1482.cdf,25612,extra\D5\exp_m32_result_1606.rpt,63969,1,extra\D5\04d93412-f064-4709-b311-57df8c7ddd5f.png,,,ok,3000,0.0009375,9.997604,-0.0001048446,0.1885563,0.1886611446,-9.00089805e-05,4.172330000000003e-06,5.267604,1.2199999999999998,0.4400000000000004,0,0.0,0.0,3000,0.0009375,9.997604,0.0,100.0,100.0,0.0078636187,0.0022115499999999996,5.267604,1.2199999999999998,0.4400000000000004,4,41331.870859999995,0.1884865,4,3.318006,0.0003755512,109.5377,0.26501994156283887,4.699592,0.005524553,1491.604,3.6088470445782286,5.268275,0.1884865,39643.74,95.9156679219335,1,
extra\HT LL 1,extra,HT LL 1,extra\HT LL 1\testdata1078.arw,196577,49b895448d7d774ddbfa75ea9d7ca593,extra\HT LL 1\testdata1078.cdf,73232,extra\HT LL 1\testdata_m32_result_1174.rpt,187391,1,extra\HT LL 1\5eec6999-0c65-4730-82ef-b78df5d4468d.png,,,ok,9000,0.0001041667,29.99677,-3.618002e-05,0.1615226,0.16155878002,-3.147125e-05,2.980240000000002e-06,13.02677,3.7799999999999994,3.3066700000000004,0,0.0,0.0,9000,0.0001041667,29.99677,0.0,100.0,100.0,0.002914585,0.0018446754999999994,13.02677,3.7799999999999994,3.3066700000000004,6,157168.07150000002,0.1615302,0,,,,,,,,,,,,,2,data\B3;extra\HT LL 1
extra\HT LL 2,extra,HT LL 2,extra\HT LL 2\testdata1082.arw,196229,b2c571b076ddcaa1eeff232870ed6e54,extra\HT LL 2\testdata1082.cdf,73232,extra\HT LL 2\testdata_m32_result_1172.rpt,189767,1,extra\HT LL 2\b809eb23-3cf6-42d7-af44-f1c7a3987b06.png,,,ok,9000,0.0005208334,29.99719,-5.90086e-06,0.1649609,0.16496680085999998,-2.801419e-06,2.86102e-06,13.03052,3.76666,3.3166700000000002,0,0.0,0.0,9000,0.0005208334,29.99719,0.0,100.0,100.0,0.001878827,0.001734299,13.03052,3.76666,3.3166700000000002,6,162171.82040000003,0.1649315,0,,,,,,,,,,,,,2,data\B7;extra\HT LL 2
extra\HT LL 3,extra,HT LL 3,extra\HT LL 3\testdata1086.arw,196041,c60151f63d4e58db7fcf5045fe6caa53,extra\HT LL 3\testdata1086.cdf,73616,extra\HT LL 3\testdata_m32_result_1170.rpt,187810,1,extra\HT LL 3\6655492a-cbb9-4a0c-a8b6-44d42d075fb3.png,,,ok,9000,0.002395833,29.99906,-2.783537e-05,0.1634083,0.16343613537,-2.133846e-05,1.2516900000000012e-06,13.0424,3.7966599999999993,3.33666,0,0.0,0.0,9000,0.002395833,29.99906,0.0,100.0,100.0,0.003975196,0.0007658630000000003,13.0424,3.7966599999999993,3.33666,5,161966.14880000002,0.1634004,0,,,,,,,,,,,,,1,
extra\HT LL 4,extra,HT LL 4,extra\HT LL 4\testdata1090.arw,195835,4dda59d6af8eb5d8fa39b710bdc4751a,extra\HT LL 4\testdata1090.cdf,73616,extra\HT LL 4\testdata_m32_result_1168.rpt,186505,1,extra\HT LL 4\306a7c24-7fd6-4f2c-8e54-b6ef6bc91280.png,,,ok,9000,0.002604167,29.99927,-3.224611e-05,0.1572827,0.15731494611,-2.706051e-05,2.563001e-06,13.03594,3.8633299999999995,3.33666,0,0.0,0.0,9000,0.002604167,29.99927,0.0,100.0,100.0,0.003296318,0.0016292200000000007,13.03594,3.8633299999999995,3.33666,5,156709.21949999998,0.1572847,0,,,,,,,,,,,,,1,
extra\HT LL 5,extra,HT LL 5,extra\HT LL 5\testdata1094.arw,195887,3ef97dea26c800ecd8137f3530bb4900,extra\HT LL 5\testdata1094.cdf,73664,extra\HT LL 5\testdata_m32_result_1166.rpt,189118,1,extra\HT LL 5\bc63d184-3a79-410b-9578-a199719486a2.png,,,ok,9000,0.001354167,29.99802,-6.675721e-06,0.1398605,0.139867175721,-2.5063752499999975e-06,1.6689300000000006e-06,13.45135,4.210000000000001,3.75333,0,0.0,0.0,9000,0.001354167,29.99802,0.0,100.0,100.0,0.0029809312500000016,0.00119322,13.45135,4.210000000000001,3.75333,6,162012.36590000003,0.139838,0,,,,,,,,,,,,,1,
extra\jian1,extra,jian1,extra\jian1\Method4614.arw,66350,d852450fad47f348339c6f44e213c6d3,extra\jian1\Method4614.cdf,25664,extra\jian1\Method_m32_result_4635.rpt,64421,1,extra\jian1\7b5ec85f-c14a-47da-88ec-2f78ba49198c.png,,,ok,3000,0.0005208334,9.997188,-0.0001142025,0.2215011,0.2216153025,-4.577637e-05,2.29478e-06,5.010521,1.6633330000000002,0.966666,0,0.0,0.0,3000,0.0005208334,9.997188,0.0,100.0,100.0,0.03087608,0.0010354799999999983,5.010521,1.6633330000000002,0.966666,6,46807.05694000001,0.2215025,6,3.975228,0.005806717,1507.67,3.2210313968951705,4.322619,0.03207836,5935.719,12.681248059686276,5.011285,0.2215025,38480.96,82.21187683157932,2,data\BC3;extra\jian1
extra\jian2,extra,jian2,extra\jian2\Method4610.arw,66129,2404c366417c95d45d8f5a8eea4002d3,extra\jian2\Method4610.cdf,25616,extra\jian2\Method_m32_result_4634.rpt,64211,1,extra\jian2\683bfe48-ffc3-4198-8891-a08383f600ff.png,,,ok,3000,0.0021875,9.998855,-0.0001103878,0.2129923,0.2131026878,-4.48823e-05,2.8610249999999986e-06,5.012187,1.673334,0.9700000000000006,0,0.0,0.0,3000,0.0021875,9.998855,0.0,100.0,100.0,0.03073894,0.0013425549999999987,5.012187,1.673334,0.9700000000000006,5,45440.300540000004,0.2129818,5,3.976436,0.00603644,1558.996,3.430866392768801,4.322966,0.03274724,6104.421,13.433936236021205,5.011676,0.2129818,36951.37,81.3184982512882,2,data\BC4;extra\jian2
extra\jian3,extra,jian3,extra\jian3\Method4606.arw,67106,f33be1402f9dd450a73698fe3989ca8d,extra\jian3\Method4606.cdf,25616,extra\jian3\Method_m32_result_4633.rpt,64187,1,extra\jian3\fd1049ba-6d52-4608-b8be-cca8812d5615.png,,,ok,3000,0.0003125,9.996979,-0.0001479983,0.2246202,0.2247681983,-8.177758e-05,2.1755695e-06,5.013646,1.6766670000000001,0.9666670000000002,0,0.0,0.0,3000,0.0003125,9.996979,0.0,100.0,100.0,0.02946179,0.0009679150000000032,5.013646,1.6766670000000001,0.9666670000000002,5,48240.69697,0.2246648,5,3.978531,0.006487387,1647.273,3.4146956894598945,4.323944,0.03505819,6585.64,13.651626973995604,5.01253,0.2246648,39120.71,81.0948275152999,2,data\BC5;extra\jian3
extra\N1,extra,N1,extra\N1\Method1878.arw,198459,814f67924660894f558f270e7cf1cf9b,extra\N1\Method1878.cdf,32,extra\N1\Method_m32_result_2269.rpt,188411,1,extra\N1\33e17daf-b4a5-4091-8bc7-3ac78c8b7322.png,,,ok,9000,0.0007291667,29.9974,-0.000159204,0.3507526,0.35091180400000005,-0.0001538992,6.198879999999998e-06,17.51073,8.483330000000002,1.3733400000000024,0,0.0,0.0,9000,0.0007291667,29.9974,0.0,100.0,100.0,0.001511723,0.0017665000000000007,17.51073,8.483330000000002,1.3733400000000024,7,227684.46535999997,0.3508563,0,,,,,,,,,,,,,1,
extra\N2,extra,N2,extra\N2\Method1874.arw,197618,2935db0675636bead8ad3e3ead73d471,extra\N2\Method1874.cdf,73616,extra\N2\Method_m32_result_2268.rpt,187373,1,extra\N2\825fa56d-9df7-4109-8a88-0d57033494d0.png,,,ok,9000,0.0007291667,29.9974,-0.000110209,0.3111768,0.31128700899999995,-0.000105679,4.11272e-06,17.51073,8.540000000000003,1.370000000000001,0,0.0,0.0,9000,0.0007291667,29.9974,0.0,100.0,100.0,0.001455233,0.0013211999999999998,17.51073,8.540000000000003,1.370000000000001,5,202398.02302999998,0.311167,0,,,,,,,,,,,,,1,
extra\N3,extra,N3,extra\N3\Method1870.arw,198710,6f1c83b99389945e1df37e788b6159d9,extra\N3\Method1870.cdf,73712,extra\N3\Method_m32_result_2267.rpt,188144,1,extra\N3\ab2cc943-7ffc-4bf2-b622-bee98d69756f.png,,,ok,9000,0.0009375,29.9976,-0.0001766682,0.3477007,0.3478773682,-0.0001713634,5.990229999999991e-06,17.51094,8.510000000000002,1.3566700000000012,0,0.0,0.0,9000,0.0009375,29.9976,0.0,100.0,100.0,0.001524909,0.001721944999999999,17.51094,8.510000000000002,1.3566700000000012,7,224958.49673,0.3478202,0,,,,,,,,,,,,,1,
extra\N4,extra,N4,extra\N4\Method1866.arw,199495,bb2efb476d0ca23f7d227e7b18221c3d,extra\N4\Method1866.cdf,73664,extra\N4\Method_m32_result_2266.rpt,188780,1,extra\N4\cfb9f5c5-b2dd-4b61-b5a6-6d73e2df922f.png,,,ok,9000,0.0028125,29.99948,-0.000131309,0.3183008,0.318432109,-0.0001270175,3.1590499999999914e-06,17.51281,8.65333,1.3733299999999993,0,0.0,0.0,9000,0.0028125,29.99948,0.0,100.0,100.0,0.001347708,0.0009920600000000012,17.51281,8.65333,1.3733299999999993,6,207429.600005,0.3182977,0,,,,,,,,,,,,,1,
extra\N5,extra,N5,extra\N5\Method1862.arw,199661,99e75daa0a66654f7c9a2fd12a7e7294,extra\N5\Method1862.cdf,73568,extra\N5\Method_m32_result_2265.rpt,188971,1,extra\N5\d5fd399f-47ee-424d-aa9f-faf674c4786f.png,,,ok,9000,0.001145833,29.99781,-8.827449e-05,0.2987357,0.29882397449,-8.380414e-05,4.649170000000001e-06,17.51781,8.57667,1.3599999999999994,0,0.0,0.0,9000,0.001145833,29.99781,0.0,100.0,100.0,0.00149598,0.0015558200000000012,17.51781,8.57667,1.3599999999999994,4,192326.490131,0.2987053,0,,,,,,,,,,,,,1,
